n,comp-id,session-start,Age groups,ItemID,ItemSeq,Item,ItemType,DivID,(wrong DivID),DivisionName,RawDiv,Section Team(s),Routine,ClubID,ClubSlug,Team,Music,Sivey,Bree,,cohortKey,cohortID,team laravel,session laravel,session_division,sesssion team rank,session itmes,teamkey,teamID,sessionItemKey,sessionItemID,routine,a,a,a,a,a,a,a,a,a,a,a
1,1,2021-05-10 18:00:00,Sub Juniors,1,1,Figure March,Core,0,,Championship Division,Championship Division,Team 3 & 4,1,3,Innovation,4,,,,,#REF!,#REF!,#REF!,#REF!,#REF!,#REF!,#REF!,#REF!,#REF!,#REF!,#REF!,#REF!,,,,,,,,,,,
2,1,2021-05-10 18:00:00,Sub Juniors,1,1,Figure March,Core,0,,Championship Division,Championship Division,Team 3 & 4,2,14,Plympton Halifax,3,,,,,#REF!,#REF!,#REF!,#REF!,#REF!,#REF!,#REF!,#REF!,#REF!,#REF!,#REF!,#REF!,,,,,,,,,,,
3,1,2021-05-10 18:00:00,Sub Juniors,1,1,Figure March,Core,0,,Championship Division,Championship Division,Team 3 & 4,3,9,Marden,3,,,,,#REF!,#REF!,#REF!,#REF!,#REF!,#REF!,#REF!,#REF!,#REF!,#REF!,#REF!,#REF!,,,,,,,,,,,
4,1,2021-05-10 18:00:00,Sub Juniors,1,1,Figure March,Core,0,,Championship Division,Championship Division,Team 3 & 4,4,3,Innovation,3,,,,,#REF!,#REF!,#REF!,#REF!,#REF!,#REF!,#REF!,#REF!,#REF!,#REF!,#REF!,#REF!,,,,,,,,,,,
5,1,2021-05-10 18:00:00,Sub Juniors,3,2,Rod Exercises,Core,0,,Championship Division,Championship Division,Team 3 & 4,1,3,Innovation,4,,,,,#REF!,#REF!,#REF!,#REF!,#REF!,#REF!,#REF!,#REF!,#REF!,#REF!,#REF!,#REF!,,,,,,,,,,,
6,1,2021-05-10 18:00:00,Sub Juniors,3,2,Rod Exercises,Core,0,,Championship Division,Championship Division,Team 3 & 4,2,9,Marden,4,,,,,#REF!,#REF!,#REF!,#REF!,#REF!,#REF!,#REF!,#REF!,#REF!,#REF!,#REF!,#REF!,,,,,,,,,,,
7,1,2021-05-10 18:00:00,Sub Juniors,3,2,Rod Exercises,Core,0,,Championship Division,Championship Division,Team 3 & 4,3,14,Plympton Halifax,3,,,,,#REF!,#REF!,#REF!,#REF!,#REF!,#REF!,#REF!,#REF!,#REF!,#REF!,#REF!,#REF!,,,,,,,,,,,
8,1,2021-05-10 18:00:00,Sub Juniors,3,2,Rod Exercises,Core,0,,Championship Division,Championship Division,Team 3 & 4,4,3,Innovation,3,,,,,#REF!,#REF!,#REF!,#REF!,#REF!,#REF!,#REF!,#REF!,#REF!,#REF!,#REF!,#REF!,,,,,,,,,,,
9,1,2021-05-10 18:00:00,Sub Juniors,3,2,Rod Exercises,Core,0,,Championship Division,Championship Division,Team 3 & 4,5,9,Marden,3,,,,,#REF!,#REF!,#REF!,#REF!,#REF!,#REF!,#REF!,#REF!,#REF!,#REF!,#REF!,#REF!,,,,,,,,,,,
10,1,2021-05-10 18:00:00,Sub Juniors,13,3,Song and Dance,Fancy,0,,Championship Division,Championship Division,Team 3 & 4,1,3,Innovation,4,A Sweet Dose,,,,#REF!,#REF!,#REF!,#REF!,#REF!,#REF!,#REF!,#REF!,#REF!,#REF!,#REF!,#REF!,,,,,,,,,,,
11,1,2021-05-10 18:00:00,Sub Juniors,13,3,Song and Dance,Fancy,0,,Championship Division,Championship Division,Team 3 & 4,2,14,Plympton Halifax,3,Singing in the Rain,,,,#REF!,#REF!,#REF!,#REF!,#REF!,#REF!,#REF!,#REF!,#REF!,#REF!,#REF!,#REF!,,,,,,,,,,,
12,1,2021-05-10 18:00:00,Sub Juniors,13,3,Song and Dance,Fancy,0,,Championship Division,Championship Division,Team 3 & 4,3,3,Innovation,3,The Orphanage,,,,#REF!,#REF!,#REF!,#REF!,#REF!,#REF!,#REF!,#REF!,#REF!,#REF!,#REF!,#REF!,,,,,,,,,,,
13,1,2021-05-10 18:00:00,Sub Juniors,13,3,Song and Dance,Fancy,0,,Championship Division,Championship Division,Team 3 & 4,4,9,Marden,3,I've got no strings,,,,#REF!,#REF!,#REF!,#REF!,#REF!,#REF!,#REF!,#REF!,#REF!,#REF!,#REF!,#REF!,,,,,,,,,,,
14,1,2021-05-10 19:30:00,Intermediates,2,1,Free Exercises,Core,4,3,Division 4,Division 3 & 4,Division 3 & 4,1,1,Jayde,1,,,,,#REF!,#REF!,#REF!,#REF!,#REF!,#REF!,#REF!,#REF!,#REF!,#REF!,#REF!,#REF!,,,,,,,,,,,
15,1,2021-05-10 19:30:00,Intermediates,2,1,Free Exercises,Core,4,3,Division 4,Division 3 & 4,,2,10,Waratah,1,,,,,#REF!,#REF!,#REF!,#REF!,#REF!,#REF!,#REF!,#REF!,#REF!,#REF!,#REF!,#REF!,,,,,,,,,,,
16,1,2021-05-10 19:30:00,Intermediates,2,1,Free Exercises,Core,3,4,Division 3,Division 3 & 4,,3,38,Seaford,1,,,,,#REF!,#REF!,#REF!,#REF!,#REF!,#REF!,#REF!,#REF!,#REF!,#REF!,#REF!,#REF!,,,,,,,,,,,
17,1,2021-05-10 19:30:00,Intermediates,2,1,Free Exercises,Core,3,4,Division 3,Division 3 & 4,,4,40,Del Sante Gardens,1,,,,,#REF!,#REF!,#REF!,#REF!,#REF!,#REF!,#REF!,#REF!,#REF!,#REF!,#REF!,#REF!,,,,,,,,,,,
18,1,2021-05-10 19:30:00,Intermediates,2,1,Free Exercises,Core,3,4,Division 3,Division 3 & 4,,5,11,Happy Valley,1,,,,,#REF!,#REF!,#REF!,#REF!,#REF!,#REF!,#REF!,#REF!,#REF!,#REF!,#REF!,#REF!,,,,,,,,,,,
19,1,2021-05-10 19:30:00,Intermediates,2,1,Free Exercises,Core,3,4,Division 3,Division 3 & 4,,6,32,Payton,1,,,,,#REF!,#REF!,#REF!,#REF!,#REF!,#REF!,#REF!,#REF!,#REF!,#REF!,#REF!,#REF!,,,,,,,,,,,
20,1,2021-05-10 19:30:00,Intermediates,2,1,Free Exercises,Core,3,4,Division 3,Division 3 & 4,,7,16,Largs North,1,,,,,#REF!,#REF!,#REF!,#REF!,#REF!,#REF!,#REF!,#REF!,#REF!,#REF!,#REF!,#REF!,,,,,,,,,,,
21,1,2021-05-10 19:30:00,Intermediates,3,2,Rod Exercises,Core,4,3,Division 4,Division 3 & 4,,1,10,Waratah,1,,,,,#REF!,#REF!,#REF!,#REF!,#REF!,#REF!,#REF!,#REF!,#REF!,#REF!,#REF!,#REF!,,,,,,,,,,,
22,1,2021-05-10 19:30:00,Intermediates,3,2,Rod Exercises,Core,4,3,Division 4,Division 3 & 4,,2,1,Jayde,1,,,,,#REF!,#REF!,#REF!,#REF!,#REF!,#REF!,#REF!,#REF!,#REF!,#REF!,#REF!,#REF!,,,,,,,,,,,
23,1,2021-05-10 19:30:00,Intermediates,3,2,Rod Exercises,Core,3,4,Division 3,Division 3 & 4,,3,16,Largs North,1,,,,,#REF!,#REF!,#REF!,#REF!,#REF!,#REF!,#REF!,#REF!,#REF!,#REF!,#REF!,#REF!,,,,,,,,,,,
24,1,2021-05-10 19:30:00,Intermediates,3,2,Rod Exercises,Core,3,4,Division 3,Division 3 & 4,,4,32,Payton,1,,,,,#REF!,#REF!,#REF!,#REF!,#REF!,#REF!,#REF!,#REF!,#REF!,#REF!,#REF!,#REF!,,,,,,,,,,,
25,1,2021-05-10 19:30:00,Intermediates,3,2,Rod Exercises,Core,3,4,Division 3,Division 3 & 4,,5,11,Happy Valley,1,,,,,#REF!,#REF!,#REF!,#REF!,#REF!,#REF!,#REF!,#REF!,#REF!,#REF!,#REF!,#REF!,,,,,,,,,,,
26,1,2021-05-10 19:30:00,Intermediates,3,2,Rod Exercises,Core,3,4,Division 3,Division 3 & 4,,6,40,Del Sante Gardens,1,,,,,#REF!,#REF!,#REF!,#REF!,#REF!,#REF!,#REF!,#REF!,#REF!,#REF!,#REF!,#REF!,,,,,,,,,,,
27,1,2021-05-10 19:30:00,Intermediates,3,2,Rod Exercises,Core,3,4,Division 3,Division 3 & 4,,7,38,Seaford,1,,,,,#REF!,#REF!,#REF!,#REF!,#REF!,#REF!,#REF!,#REF!,#REF!,#REF!,#REF!,#REF!,,,,,,,,,,,
28,1,2021-05-10 19:30:00,Intermediates,7,3,Rhythmic Interpretation,Fancy,4,3,Division 4,Division 3 & 4,,1,1,Jayde,1,,,,,#REF!,#REF!,#REF!,#REF!,#REF!,#REF!,#REF!,#REF!,#REF!,#REF!,#REF!,#REF!,,,,,,,,,,,
29,1,2021-05-10 19:30:00,Intermediates,7,3,Rhythmic Interpretation,Fancy,4,3,Division 4,Division 3 & 4,,2,10,Waratah,1,Harry Potter,,,,#REF!,#REF!,#REF!,#REF!,#REF!,#REF!,#REF!,#REF!,#REF!,#REF!,#REF!,#REF!,,,,,,,,,,,
30,1,2021-05-10 19:30:00,Intermediates,7,3,Rhythmic Interpretation,Fancy,3,4,Division 3,Division 3 & 4,,3,32,Payton,1,What's up Doc? ,,,,#REF!,#REF!,#REF!,#REF!,#REF!,#REF!,#REF!,#REF!,#REF!,#REF!,#REF!,#REF!,,,,,,,,,,,
31,1,2021-05-10 19:30:00,Intermediates,7,3,Rhythmic Interpretation,Fancy,3,4,Division 3,Division 3 & 4,,4,38,Seaford,1,Enchanted Heroines,,,,#REF!,#REF!,#REF!,#REF!,#REF!,#REF!,#REF!,#REF!,#REF!,#REF!,#REF!,#REF!,,,,,,,,,,,
32,1,2021-05-10 19:30:00,Intermediates,7,3,Rhythmic Interpretation,Fancy,3,4,Division 3,Division 3 & 4,,5,11,Happy Valley,1,,,,,#REF!,#REF!,#REF!,#REF!,#REF!,#REF!,#REF!,#REF!,#REF!,#REF!,#REF!,#REF!,,,,,,,,,,,
33,1,2021-05-10 19:30:00,Intermediates,7,3,Rhythmic Interpretation,Fancy,3,4,Division 3,Division 3 & 4,,6,16,Largs North,1,Cats in the Night,,,,#REF!,#REF!,#REF!,#REF!,#REF!,#REF!,#REF!,#REF!,#REF!,#REF!,#REF!,#REF!,,,,,,,,,,,
34,1,2021-05-10 19:30:00,Intermediates,7,3,Rhythmic Interpretation,Fancy,3,4,Division 3,Division 3 & 4,,7,40,Del Sante Gardens,1,Home Coming,,,,#REF!,#REF!,#REF!,#REF!,#REF!,#REF!,#REF!,#REF!,#REF!,#REF!,#REF!,#REF!,,,,,,,,,,,
35,1,2021-05-11 18:00:00,Sub Juniors,1,1,Figure March,Core,4,5,Division 4,Division 4 & 5,,1,38,Seaford,3,,,,,#REF!,#REF!,#REF!,#REF!,#REF!,#REF!,#REF!,#REF!,#REF!,#REF!,#REF!,#REF!,,,,,,,,,,,
36,1,2021-05-11 18:00:00,Sub Juniors,1,1,Figure March,Core,4,5,Division 4,Division 4 & 5,,2,38,Seaford,2,,,,,#REF!,#REF!,#REF!,#REF!,#REF!,#REF!,#REF!,#REF!,#REF!,#REF!,#REF!,#REF!,,,,,,,,,,,
37,1,2021-05-11 18:00:00,Sub Juniors,1,1,Figure March,Core,4,5,Division 4,Division 4 & 5,,3,39,Cherum,1,,,,,#REF!,#REF!,#REF!,#REF!,#REF!,#REF!,#REF!,#REF!,#REF!,#REF!,#REF!,#REF!,,,,,,,,,,,
38,1,2021-05-11 18:00:00,Sub Juniors,1,1,Figure March,Core,4,5,Division 4,Division 4 & 5,,4,26,Elizabeth Eastside,1,,,,,#REF!,#REF!,#REF!,#REF!,#REF!,#REF!,#REF!,#REF!,#REF!,#REF!,#REF!,#REF!,,,,,,,,,,,
39,1,2021-05-11 18:00:00,Sub Juniors,1,1,Figure March,Core,4,5,Division 4,Division 4 & 5,,5,38,Seaford,1,,,,,#REF!,#REF!,#REF!,#REF!,#REF!,#REF!,#REF!,#REF!,#REF!,#REF!,#REF!,#REF!,,,,,,,,,,,
40,1,2021-05-11 18:00:00,Sub Juniors,1,1,Figure March,Core,5,4,Division 5,Division 4 & 5,,6,10,Waratah,1,,,,,#REF!,#REF!,#REF!,#REF!,#REF!,#REF!,#REF!,#REF!,#REF!,#REF!,#REF!,#REF!,,,,,,,,,,,
41,1,2021-05-11 18:00:00,Sub Juniors,1,1,Figure March,Core,5,4,Division 5,Division 4 & 5,,7,32,Payton,1,,,,,#REF!,#REF!,#REF!,#REF!,#REF!,#REF!,#REF!,#REF!,#REF!,#REF!,#REF!,#REF!,,,,,,,,,,,
42,1,2021-05-11 18:00:00,Sub Juniors,1,1,Figure March,Core,4,5,Division 4,Division 4 & 5,,8,1,Jayde,1,,,,,#REF!,#REF!,#REF!,#REF!,#REF!,#REF!,#REF!,#REF!,#REF!,#REF!,#REF!,#REF!,,,,,,,,,,,
43,1,2021-05-11 18:00:00,Sub Juniors,1,1,Figure March,Core,4,5,Division 4,Division 4 & 5,,9,16,Largs North,1,,,,,#REF!,#REF!,#REF!,#REF!,#REF!,#REF!,#REF!,#REF!,#REF!,#REF!,#REF!,#REF!,,,,,,,,,,,
44,1,2021-05-11 18:00:00,Sub Juniors,3,2,Rod Exercises,Core,4,5,Division 4,Division 4 & 5,,1,38,Seaford,3,,,,,#REF!,#REF!,#REF!,#REF!,#REF!,#REF!,#REF!,#REF!,#REF!,#REF!,#REF!,#REF!,,,,,,,,,,,
45,1,2021-05-11 18:00:00,Sub Juniors,3,2,Rod Exercises,Core,4,5,Division 4,Division 4 & 5,,2,38,Seaford,2,,,,,#REF!,#REF!,#REF!,#REF!,#REF!,#REF!,#REF!,#REF!,#REF!,#REF!,#REF!,#REF!,,,,,,,,,,,
46,1,2021-05-11 18:00:00,Sub Juniors,3,2,Rod Exercises,Core,4,5,Division 4,Division 4 & 5,,3,1,Jayde,1,,,,,#REF!,#REF!,#REF!,#REF!,#REF!,#REF!,#REF!,#REF!,#REF!,#REF!,#REF!,#REF!,,,,,,,,,,,
47,1,2021-05-11 18:00:00,Sub Juniors,3,2,Rod Exercises,Core,4,5,Division 4,Division 4 & 5,,4,39,Cherum,1,,,,,#REF!,#REF!,#REF!,#REF!,#REF!,#REF!,#REF!,#REF!,#REF!,#REF!,#REF!,#REF!,,,,,,,,,,,
48,1,2021-05-11 18:00:00,Sub Juniors,3,2,Rod Exercises,Core,4,5,Division 4,Division 4 & 5,,5,38,Seaford,1,,,,,#REF!,#REF!,#REF!,#REF!,#REF!,#REF!,#REF!,#REF!,#REF!,#REF!,#REF!,#REF!,,,,,,,,,,,
49,1,2021-05-11 18:00:00,Sub Juniors,3,2,Rod Exercises,Core,4,5,Division 4,Division 4 & 5,,6,16,Largs North,1,,,,,#REF!,#REF!,#REF!,#REF!,#REF!,#REF!,#REF!,#REF!,#REF!,#REF!,#REF!,#REF!,,,,,,,,,,,
50,1,2021-05-11 18:00:00,Sub Juniors,3,2,Rod Exercises,Core,5,4,Division 5,Division 4 & 5,,7,32,Payton,1,,,,,#REF!,#REF!,#REF!,#REF!,#REF!,#REF!,#REF!,#REF!,#REF!,#REF!,#REF!,#REF!,,,,,,,,,,,
51,1,2021-05-11 18:00:00,Sub Juniors,3,2,Rod Exercises,Core,5,4,Division 5,Division 4 & 5,,8,10,Waratah,1,,,,,#REF!,#REF!,#REF!,#REF!,#REF!,#REF!,#REF!,#REF!,#REF!,#REF!,#REF!,#REF!,,,,,,,,,,,
52,1,2021-05-11 18:00:00,Sub Juniors,3,2,Rod Exercises,Core,4,5,Division 4,Division 4 & 5,,9,26,Elizabeth Eastside,1,,,,,#REF!,#REF!,#REF!,#REF!,#REF!,#REF!,#REF!,#REF!,#REF!,#REF!,#REF!,#REF!,,,,,,,,,,,
53,1,2021-05-11 18:00:00,Sub Juniors,13,3,Song and Dance,Fancy,4,5,Division 4,Division 4 & 5,,1,38,Seaford,2,Singing in the Rain,,,,#REF!,#REF!,#REF!,#REF!,#REF!,#REF!,#REF!,#REF!,#REF!,#REF!,#REF!,#REF!,,,,,,,,,,,
54,1,2021-05-11 18:00:00,Sub Juniors,13,3,Song and Dance,Fancy,5,4,Division 5,Division 4 & 5,,2,32,Payton,1,Hey Mickey!,,,,#REF!,#REF!,#REF!,#REF!,#REF!,#REF!,#REF!,#REF!,#REF!,#REF!,#REF!,#REF!,,,,,,,,,,,
55,1,2021-05-11 18:00:00,Sub Juniors,13,3,Song and Dance,Fancy,4,5,Division 4,Division 4 & 5,,3,26,Elizabeth Eastside,1,Broadway,,,,#REF!,#REF!,#REF!,#REF!,#REF!,#REF!,#REF!,#REF!,#REF!,#REF!,#REF!,#REF!,,,,,,,,,,,
56,1,2021-05-11 18:00:00,Sub Juniors,13,3,Song and Dance,Fancy,4,5,Division 4,Division 4 & 5,,4,16,Largs North,1,World of pure imagination,,,,#REF!,#REF!,#REF!,#REF!,#REF!,#REF!,#REF!,#REF!,#REF!,#REF!,#REF!,#REF!,,,,,,,,,,,
57,1,2021-05-11 18:00:00,Sub Juniors,13,3,Song and Dance,Fancy,4,5,Division 4,Division 4 & 5,,5,38,Seaford,1,Entertain You,,,,#REF!,#REF!,#REF!,#REF!,#REF!,#REF!,#REF!,#REF!,#REF!,#REF!,#REF!,#REF!,,,,,,,,,,,
58,1,2021-05-11 18:00:00,Sub Juniors,13,3,Song and Dance,Fancy,4,5,Division 4,Division 4 & 5,,6,1,Jayde,1,Suess,,,,#REF!,#REF!,#REF!,#REF!,#REF!,#REF!,#REF!,#REF!,#REF!,#REF!,#REF!,#REF!,,,,,,,,,,,
59,1,2021-05-11 18:00:00,Sub Juniors,13,3,Song and Dance,Fancy,5,4,Division 5,Division 4 & 5,,7,10,Waratah,1,Jingle Bell Rock,,,,#REF!,#REF!,#REF!,#REF!,#REF!,#REF!,#REF!,#REF!,#REF!,#REF!,#REF!,#REF!,,,,,,,,,,,
60,1,2021-05-11 18:00:00,Sub Juniors,13,3,Song and Dance,Fancy,4,5,Division 4,Division 4 & 5,,8,39,Cherum,1,I dream of Genies,,,,#REF!,#REF!,#REF!,#REF!,#REF!,#REF!,#REF!,#REF!,#REF!,#REF!,#REF!,#REF!,,,,,,,,,,,
61,1,2021-05-12 18:00:00,Sub Juniors,1,1,Figure March,Core,3,,Division 3,Division 3,Team 1 & 2,1,2,Acacia,2,,,,,#REF!,#REF!,#REF!,#REF!,#REF!,#REF!,#REF!,#REF!,#REF!,#REF!,#REF!,#REF!,,,,,,,,,,,
62,1,2021-05-12 18:00:00,Sub Juniors,1,1,Figure March,Core,3,,Division 3,Division 3,Team 1 & 2,2,28,Golden Heights,1,,,,,#REF!,#REF!,#REF!,#REF!,#REF!,#REF!,#REF!,#REF!,#REF!,#REF!,#REF!,#REF!,,,,,,,,,,,
63,1,2021-05-12 18:00:00,Sub Juniors,1,1,Figure March,Core,3,,Division 3,Division 3,Team 1 & 2,3,2,Acacia,1,,,,,#REF!,#REF!,#REF!,#REF!,#REF!,#REF!,#REF!,#REF!,#REF!,#REF!,#REF!,#REF!,,,,,,,,,,,
64,1,2021-05-12 18:00:00,Sub Juniors,1,1,Figure March,Core,3,,Division 3,Division 3,Team 1 & 2,4,42,Seaview,1,,,,,#REF!,#REF!,#REF!,#REF!,#REF!,#REF!,#REF!,#REF!,#REF!,#REF!,#REF!,#REF!,,,,,,,,,,,
65,1,2021-05-12 18:00:00,Sub Juniors,1,1,Figure March,Core,3,,Division 3,Division 3,Team 1 & 2,5,25,Carisbrook,1,,,,,#REF!,#REF!,#REF!,#REF!,#REF!,#REF!,#REF!,#REF!,#REF!,#REF!,#REF!,#REF!,,,,,,,,,,,
66,1,2021-05-12 18:00:00,Sub Juniors,1,1,Figure March,Core,3,,Division 3,Division 3,Team 1 & 2,6,31,Para Vista,1,,,,,#REF!,#REF!,#REF!,#REF!,#REF!,#REF!,#REF!,#REF!,#REF!,#REF!,#REF!,#REF!,,,,,,,,,,,
67,1,2021-05-12 18:00:00,Sub Juniors,3,2,Rod Exercises,Core,3,,Division 3,Division 3,Team 1 & 2,1,2,Acacia,2,,,,,#REF!,#REF!,#REF!,#REF!,#REF!,#REF!,#REF!,#REF!,#REF!,#REF!,#REF!,#REF!,,,,,,,,,,,
68,1,2021-05-12 18:00:00,Sub Juniors,3,2,Rod Exercises,Core,3,,Division 3,Division 3,Team 1 & 2,2,42,Seaview,1,,,,,#REF!,#REF!,#REF!,#REF!,#REF!,#REF!,#REF!,#REF!,#REF!,#REF!,#REF!,#REF!,,,,,,,,,,,
69,1,2021-05-12 18:00:00,Sub Juniors,3,2,Rod Exercises,Core,3,,Division 3,Division 3,Team 1 & 2,3,31,Para Vista,1,,,,,#REF!,#REF!,#REF!,#REF!,#REF!,#REF!,#REF!,#REF!,#REF!,#REF!,#REF!,#REF!,,,,,,,,,,,
70,1,2021-05-12 18:00:00,Sub Juniors,3,2,Rod Exercises,Core,3,,Division 3,Division 3,Team 1 & 2,4,2,Acacia,1,,,,,#REF!,#REF!,#REF!,#REF!,#REF!,#REF!,#REF!,#REF!,#REF!,#REF!,#REF!,#REF!,,,,,,,,,,,
71,1,2021-05-12 18:00:00,Sub Juniors,3,2,Rod Exercises,Core,3,,Division 3,Division 3,Team 1 & 2,5,28,Golden Heights,1,,,,,#REF!,#REF!,#REF!,#REF!,#REF!,#REF!,#REF!,#REF!,#REF!,#REF!,#REF!,#REF!,,,,,,,,,,,
72,1,2021-05-12 18:00:00,Sub Juniors,3,2,Rod Exercises,Core,3,,Division 3,Division 3,Team 1 & 2,6,25,Carisbrook,1,,,,,#REF!,#REF!,#REF!,#REF!,#REF!,#REF!,#REF!,#REF!,#REF!,#REF!,#REF!,#REF!,,,,,,,,,,,
73,1,2021-05-12 18:00:00,Sub Juniors,13,3,Song and Dance,Fancy,3,,Division 3,Division 3,,1,31,Para Vista,1,Land of Wonder,,,,#REF!,#REF!,#REF!,#REF!,#REF!,#REF!,#REF!,#REF!,#REF!,#REF!,#REF!,#REF!,,,,,,,,,,,
74,1,2021-05-12 18:00:00,Sub Juniors,13,3,Song and Dance,Fancy,3,,Division 3,Division 3,,2,2,Acacia,1,Annie,,,,#REF!,#REF!,#REF!,#REF!,#REF!,#REF!,#REF!,#REF!,#REF!,#REF!,#REF!,#REF!,,,,,,,,,,,
75,1,2021-05-12 18:00:00,Sub Juniors,13,3,Song and Dance,Fancy,3,,Division 3,Division 3,,3,42,Seaview,1,Entertain You,,,,#REF!,#REF!,#REF!,#REF!,#REF!,#REF!,#REF!,#REF!,#REF!,#REF!,#REF!,#REF!,,,,,,,,,,,
76,1,2021-05-12 18:00:00,Sub Juniors,13,3,Song and Dance,Fancy,3,,Division 3,Division 3,,4,25,Carisbrook,1,Octopus's Garden,,,,#REF!,#REF!,#REF!,#REF!,#REF!,#REF!,#REF!,#REF!,#REF!,#REF!,#REF!,#REF!,,,,,,,,,,,
77,1,2021-05-12 18:00:00,Sub Juniors,13,3,Song and Dance,Fancy,3,,Division 3,Division 3,,5,28,Golden Heights,1,Jolly Holiday,,,,#REF!,#REF!,#REF!,#REF!,#REF!,#REF!,#REF!,#REF!,#REF!,#REF!,#REF!,#REF!,,,,,,,,,,,
78,1,2021-05-13 18:00:00,Sub Juniors,1,1,Figure March,Core,0,,Championship Division,Championship Division,Team 2,1,12,Reynella Braeview,2,,,,,#REF!,#REF!,#REF!,#REF!,#REF!,#REF!,#REF!,#REF!,#REF!,#REF!,#REF!,#REF!,,,,,,,,,,,
79,1,2021-05-13 18:00:00,Sub Juniors,1,1,Figure March,Core,0,,Championship Division,Championship Division,Team 2,2,36,Ridgehaven,2,,,,,#REF!,#REF!,#REF!,#REF!,#REF!,#REF!,#REF!,#REF!,#REF!,#REF!,#REF!,#REF!,,,,,,,,,,,
80,1,2021-05-13 18:00:00,Sub Juniors,1,1,Figure March,Core,0,,Championship Division,Championship Division,Team 2,3,9,Marden,2,,,,,#REF!,#REF!,#REF!,#REF!,#REF!,#REF!,#REF!,#REF!,#REF!,#REF!,#REF!,#REF!,,,,,,,,,,,
81,1,2021-05-13 18:00:00,Sub Juniors,1,1,Figure March,Core,0,,Championship Division,Championship Division,Team 2,4,3,Innovation,2,,,,,#REF!,#REF!,#REF!,#REF!,#REF!,#REF!,#REF!,#REF!,#REF!,#REF!,#REF!,#REF!,,,,,,,,,,,
82,1,2021-05-13 18:00:00,Sub Juniors,1,1,Figure March,Core,0,,Championship Division,Championship Division,Team 2,5,14,Plympton Halifax,2,,,,,#REF!,#REF!,#REF!,#REF!,#REF!,#REF!,#REF!,#REF!,#REF!,#REF!,#REF!,#REF!,,,,,,,,,,,
83,1,2021-05-13 18:00:00,Sub Juniors,3,2,Rod Exercises,Core,0,,Championship Division,Championship Division,Team 2,1,9,Marden,2,,,,,#REF!,#REF!,#REF!,#REF!,#REF!,#REF!,#REF!,#REF!,#REF!,#REF!,#REF!,#REF!,,,,,,,,,,,
84,1,2021-05-13 18:00:00,Sub Juniors,3,2,Rod Exercises,Core,0,,Championship Division,Championship Division,Team 2,2,12,Reynella Braeview,2,,,,,#REF!,#REF!,#REF!,#REF!,#REF!,#REF!,#REF!,#REF!,#REF!,#REF!,#REF!,#REF!,,,,,,,,,,,
85,1,2021-05-13 18:00:00,Sub Juniors,3,2,Rod Exercises,Core,0,,Championship Division,Championship Division,Team 2,3,3,Innovation,2,,,,,#REF!,#REF!,#REF!,#REF!,#REF!,#REF!,#REF!,#REF!,#REF!,#REF!,#REF!,#REF!,,,,,,,,,,,
86,1,2021-05-13 18:00:00,Sub Juniors,3,2,Rod Exercises,Core,0,,Championship Division,Championship Division,Team 2,4,14,Plympton Halifax,2,,,,,#REF!,#REF!,#REF!,#REF!,#REF!,#REF!,#REF!,#REF!,#REF!,#REF!,#REF!,#REF!,,,,,,,,,,,
87,1,2021-05-13 18:00:00,Sub Juniors,3,2,Rod Exercises,Core,0,,Championship Division,Championship Division,Team 2,5,36,Ridgehaven,2,,,,,#REF!,#REF!,#REF!,#REF!,#REF!,#REF!,#REF!,#REF!,#REF!,#REF!,#REF!,#REF!,,,,,,,,,,,
88,1,2021-05-13 18:00:00,Sub Juniors,13,3,Song and Dance,Fancy,0,,Championship Division,Championship Division,Team 2,1,12,Reynella Braeview,2,Winter Wonderland,,,,#REF!,#REF!,#REF!,#REF!,#REF!,#REF!,#REF!,#REF!,#REF!,#REF!,#REF!,#REF!,,,,,,,,,,,
89,1,2021-05-13 18:00:00,Sub Juniors,13,3,Song and Dance,Fancy,0,,Championship Division,Championship Division,Team 2,2,14,Plympton Halifax,2,Pinocchio,,,,#REF!,#REF!,#REF!,#REF!,#REF!,#REF!,#REF!,#REF!,#REF!,#REF!,#REF!,#REF!,,,,,,,,,,,
90,1,2021-05-13 18:00:00,Sub Juniors,13,3,Song and Dance,Fancy,0,,Championship Division,Championship Division,Team 2,3,9,Marden,2,Oliver!,,,,#REF!,#REF!,#REF!,#REF!,#REF!,#REF!,#REF!,#REF!,#REF!,#REF!,#REF!,#REF!,,,,,,,,,,,
91,1,2021-05-13 18:00:00,Sub Juniors,13,3,Song and Dance,Fancy,0,,Championship Division,Championship Division,Team 2,4,3,Innovation,2,Bless our Show,,,,#REF!,#REF!,#REF!,#REF!,#REF!,#REF!,#REF!,#REF!,#REF!,#REF!,#REF!,#REF!,,,,,,,,,,,
92,1,2021-05-13 18:00:00,Sub Juniors,13,3,Song and Dance,Fancy,0,,Championship Division,Championship Division,Team 2,5,36,Ridgehaven,2,Cruella de Vill,,,,#REF!,#REF!,#REF!,#REF!,#REF!,#REF!,#REF!,#REF!,#REF!,#REF!,#REF!,#REF!,,,,,,,,,,,
93,1,2021-05-13 19:30:00,Intermediates,2,1,Free Exercises,Core,2,,Division 2,Division 2,Team 1 & 2,1,2,Acacia,2,,,,,#REF!,#REF!,#REF!,#REF!,#REF!,#REF!,#REF!,#REF!,#REF!,#REF!,#REF!,#REF!,,,,,,,,,,,
94,1,2021-05-13 19:30:00,Intermediates,2,1,Free Exercises,Core,2,,Division 2,Division 2,Team 1 & 2,2,15,Seacliff,1,,,,,#REF!,#REF!,#REF!,#REF!,#REF!,#REF!,#REF!,#REF!,#REF!,#REF!,#REF!,#REF!,,,,,,,,,,,
95,1,2021-05-13 19:30:00,Intermediates,2,1,Free Exercises,Core,2,,Division 2,Division 2,Team 1 & 2,3,2,Acacia,1,,,,,#REF!,#REF!,#REF!,#REF!,#REF!,#REF!,#REF!,#REF!,#REF!,#REF!,#REF!,#REF!,,,,,,,,,,,
96,1,2021-05-13 19:30:00,Intermediates,2,1,Free Exercises,Core,2,,Division 2,Division 2,Team 1 & 2,4,37,Windsor,1,,,,,#REF!,#REF!,#REF!,#REF!,#REF!,#REF!,#REF!,#REF!,#REF!,#REF!,#REF!,#REF!,,,,,,,,,,,
97,1,2021-05-13 19:30:00,Intermediates,2,1,Free Exercises,Core,2,,Division 2,Division 2,Team 1 & 2,5,21,Pt Augusta,1,,,,,#REF!,#REF!,#REF!,#REF!,#REF!,#REF!,#REF!,#REF!,#REF!,#REF!,#REF!,#REF!,,,,,,,,,,,
98,1,2021-05-13 19:30:00,Intermediates,2,1,Free Exercises,Core,2,,Division 2,Division 2,Team 1 & 2,6,35,Highbury,1,,,,,#REF!,#REF!,#REF!,#REF!,#REF!,#REF!,#REF!,#REF!,#REF!,#REF!,#REF!,#REF!,,,,,,,,,,,
99,1,2021-05-13 19:30:00,Intermediates,2,1,Free Exercises,Core,2,,Division 2,Division 2,Team 1 & 2,7,28,Golden Heights,1,,,,,#REF!,#REF!,#REF!,#REF!,#REF!,#REF!,#REF!,#REF!,#REF!,#REF!,#REF!,#REF!,,,,,,,,,,,
100,1,2021-05-13 19:30:00,Intermediates,3,2,Rod Exercises,Core,2,,Division 2,Division 2,Team 1 & 2,1,2,Acacia,2,,,,,#REF!,#REF!,#REF!,#REF!,#REF!,#REF!,#REF!,#REF!,#REF!,#REF!,#REF!,#REF!,,,,,,,,,,,
101,1,2021-05-13 19:30:00,Intermediates,3,2,Rod Exercises,Core,2,,Division 2,Division 2,Team 1 & 2,2,2,Acacia,1,,,,,#REF!,#REF!,#REF!,#REF!,#REF!,#REF!,#REF!,#REF!,#REF!,#REF!,#REF!,#REF!,,,,,,,,,,,
102,1,2021-05-13 19:30:00,Intermediates,3,2,Rod Exercises,Core,2,,Division 2,Division 2,Team 1 & 2,3,28,Golden Heights,1,,,,,#REF!,#REF!,#REF!,#REF!,#REF!,#REF!,#REF!,#REF!,#REF!,#REF!,#REF!,#REF!,,,,,,,,,,,
103,1,2021-05-13 19:30:00,Intermediates,3,2,Rod Exercises,Core,2,,Division 2,Division 2,Team 1 & 2,4,15,Seacliff,1,,,,,#REF!,#REF!,#REF!,#REF!,#REF!,#REF!,#REF!,#REF!,#REF!,#REF!,#REF!,#REF!,,,,,,,,,,,
104,1,2021-05-13 19:30:00,Intermediates,3,2,Rod Exercises,Core,2,,Division 2,Division 2,Team 1 & 2,5,21,Pt Augusta,1,,,,,#REF!,#REF!,#REF!,#REF!,#REF!,#REF!,#REF!,#REF!,#REF!,#REF!,#REF!,#REF!,,,,,,,,,,,
105,1,2021-05-13 19:30:00,Intermediates,3,2,Rod Exercises,Core,2,,Division 2,Division 2,Team 1 & 2,6,35,Highbury,1,,,,,#REF!,#REF!,#REF!,#REF!,#REF!,#REF!,#REF!,#REF!,#REF!,#REF!,#REF!,#REF!,,,,,,,,,,,
106,1,2021-05-13 19:30:00,Intermediates,3,2,Rod Exercises,Core,2,,Division 2,Division 2,Team 1 & 2,7,37,Windsor,1,,,,,#REF!,#REF!,#REF!,#REF!,#REF!,#REF!,#REF!,#REF!,#REF!,#REF!,#REF!,#REF!,,,,,,,,,,,
107,1,2021-05-13 19:30:00,Intermediates,7,3,Rhythmic Interpretation,Fancy,2,,Division 2,Division 2,Team 1 & 2,1,2,Acacia,2,,,,,#REF!,#REF!,#REF!,#REF!,#REF!,#REF!,#REF!,#REF!,#REF!,#REF!,#REF!,#REF!,,,,,,,,,,,
108,1,2021-05-13 19:30:00,Intermediates,7,3,Rhythmic Interpretation,Fancy,2,,Division 2,Division 2,Team 1 & 2,2,28,Golden Heights,1,A Rumor in St Petersberg,,,,#REF!,#REF!,#REF!,#REF!,#REF!,#REF!,#REF!,#REF!,#REF!,#REF!,#REF!,#REF!,,,,,,,,,,,
109,1,2021-05-13 19:30:00,Intermediates,7,3,Rhythmic Interpretation,Fancy,2,,Division 2,Division 2,Team 1 & 2,3,2,Acacia,1,The Music Box,,,,#REF!,#REF!,#REF!,#REF!,#REF!,#REF!,#REF!,#REF!,#REF!,#REF!,#REF!,#REF!,,,,,,,,,,,
110,1,2021-05-13 19:30:00,Intermediates,7,3,Rhythmic Interpretation,Fancy,2,,Division 2,Division 2,Team 1 & 2,4,35,Highbury,1,Arabian Nights,,,,#REF!,#REF!,#REF!,#REF!,#REF!,#REF!,#REF!,#REF!,#REF!,#REF!,#REF!,#REF!,,,,,,,,,,,
111,1,2021-05-13 19:30:00,Intermediates,7,3,Rhythmic Interpretation,Fancy,2,,Division 2,Division 2,Team 1 & 2,5,37,Windsor,1,Marionettes,,,,#REF!,#REF!,#REF!,#REF!,#REF!,#REF!,#REF!,#REF!,#REF!,#REF!,#REF!,#REF!,,,,,,,,,,,
112,1,2021-05-13 19:30:00,Intermediates,7,3,Rhythmic Interpretation,Fancy,2,,Division 2,Division 2,Team 1 & 2,6,21,Pt Augusta,1,Christmas with Attitude,,,,#REF!,#REF!,#REF!,#REF!,#REF!,#REF!,#REF!,#REF!,#REF!,#REF!,#REF!,#REF!,,,,,,,,,,,
113,1,2021-05-13 19:30:00,Intermediates,7,3,Rhythmic Interpretation,Fancy,2,,Division 2,Division 2,Team 1 & 2,7,15,Seacliff,1,The Witches,,,,#REF!,#REF!,#REF!,#REF!,#REF!,#REF!,#REF!,#REF!,#REF!,#REF!,#REF!,#REF!,,,,,,,,,,,
114,1,2021-05-14 18:00:00,Sub Juniors,1,1,Figure March,Core,2,,Division 2,Division 2,Team 2 & 3,1,6,Gawler,3,,,,,#REF!,#REF!,#REF!,#REF!,#REF!,#REF!,#REF!,#REF!,#REF!,#REF!,#REF!,#REF!,,,,,,,,,,,
115,1,2021-05-14 18:00:00,Sub Juniors,1,1,Figure March,Core,2,,Division 2,Division 2,Team 2 & 3,2,6,Gawler,2,,,,,#REF!,#REF!,#REF!,#REF!,#REF!,#REF!,#REF!,#REF!,#REF!,#REF!,#REF!,#REF!,,,,,,,,,,,
116,1,2021-05-14 18:00:00,Sub Juniors,1,1,Figure March,Core,2,,Division 2,Division 2,Team 2 & 3,3,27,Gleneliz,2,,,,,#REF!,#REF!,#REF!,#REF!,#REF!,#REF!,#REF!,#REF!,#REF!,#REF!,#REF!,#REF!,,,,,,,,,,,
117,1,2021-05-14 18:00:00,Sub Juniors,1,1,Figure March,Core,2,,Division 2,Division 2,Team 2 & 3,4,15,Seacliff,2,,,,,#REF!,#REF!,#REF!,#REF!,#REF!,#REF!,#REF!,#REF!,#REF!,#REF!,#REF!,#REF!,,,,,,,,,,,
118,1,2021-05-14 18:00:00,Sub Juniors,3,2,Rod Exercises,Core,2,,Division 2,Division 2,Team 2 & 3,1,6,Gawler,3,,,,,#REF!,#REF!,#REF!,#REF!,#REF!,#REF!,#REF!,#REF!,#REF!,#REF!,#REF!,#REF!,,,,,,,,,,,
119,1,2021-05-14 18:00:00,Sub Juniors,3,2,Rod Exercises,Core,2,,Division 2,Division 2,Team 2 & 3,2,37,Windsor,2,,,,,#REF!,#REF!,#REF!,#REF!,#REF!,#REF!,#REF!,#REF!,#REF!,#REF!,#REF!,#REF!,,,,,,,,,,,
120,1,2021-05-14 18:00:00,Sub Juniors,3,2,Rod Exercises,Core,2,,Division 2,Division 2,Team 2 & 3,3,15,Seacliff,2,,,,,#REF!,#REF!,#REF!,#REF!,#REF!,#REF!,#REF!,#REF!,#REF!,#REF!,#REF!,#REF!,,,,,,,,,,,
121,1,2021-05-14 18:00:00,Sub Juniors,3,2,Rod Exercises,Core,2,,Division 2,Division 2,Team 2 & 3,4,6,Gawler,2,,,,,#REF!,#REF!,#REF!,#REF!,#REF!,#REF!,#REF!,#REF!,#REF!,#REF!,#REF!,#REF!,,,,,,,,,,,
122,1,2021-05-14 18:00:00,Sub Juniors,3,2,Rod Exercises,Core,2,,Division 2,Division 2,Team 2 & 3,5,27,Gleneliz,2,,,,,#REF!,#REF!,#REF!,#REF!,#REF!,#REF!,#REF!,#REF!,#REF!,#REF!,#REF!,#REF!,,,,,,,,,,,
123,1,2021-05-14 18:00:00,Sub Juniors,13,3,Song and Dance,Fancy,2,,Division 2,Division 2,Team 2 & 3,1,6,Gawler,3,Mary Poppins,,,,#REF!,#REF!,#REF!,#REF!,#REF!,#REF!,#REF!,#REF!,#REF!,#REF!,#REF!,#REF!,,,,,,,,,,,
124,1,2021-05-14 18:00:00,Sub Juniors,13,3,Song and Dance,Fancy,2,,Division 2,Division 2,Team 2 & 3,2,6,Gawler,2,101 Dalmations,,,,#REF!,#REF!,#REF!,#REF!,#REF!,#REF!,#REF!,#REF!,#REF!,#REF!,#REF!,#REF!,,,,,,,,,,,
125,1,2021-05-14 18:00:00,Sub Juniors,13,3,Song and Dance,Fancy,2,,Division 2,Division 2,Team 2 & 3,3,27,Gleneliz,2,It's a hard knock life,,,,#REF!,#REF!,#REF!,#REF!,#REF!,#REF!,#REF!,#REF!,#REF!,#REF!,#REF!,#REF!,,,,,,,,,,,
126,1,2021-05-14 18:00:00,Sub Juniors,13,3,Song and Dance,Fancy,2,,Division 2,Division 2,Team 2 & 3,4,15,Seacliff,2,Annie,,,,#REF!,#REF!,#REF!,#REF!,#REF!,#REF!,#REF!,#REF!,#REF!,#REF!,#REF!,#REF!,,,,,,,,,,,
127,1,2021-05-14 19:30:00,Sub Juniors,1,1,Figure March,Core,2,,Division 2,Division 2,Team 1,1,27,Gleneliz,1,,,,,#REF!,#REF!,#REF!,#REF!,#REF!,#REF!,#REF!,#REF!,#REF!,#REF!,#REF!,#REF!,,,,,,,,,,,
128,1,2021-05-14 19:30:00,Sub Juniors,1,1,Figure March,Core,2,,Division 2,Division 2,Team 1,2,6,Gawler,1,,,,,#REF!,#REF!,#REF!,#REF!,#REF!,#REF!,#REF!,#REF!,#REF!,#REF!,#REF!,#REF!,,,,,,,,,,,
129,1,2021-05-14 19:30:00,Sub Juniors,1,1,Figure March,Core,2,,Division 2,Division 2,Team 1,3,11,Happy Valley,1,,,,,#REF!,#REF!,#REF!,#REF!,#REF!,#REF!,#REF!,#REF!,#REF!,#REF!,#REF!,#REF!,,,,,,,,,,,
130,1,2021-05-14 19:30:00,Sub Juniors,1,1,Figure March,Core,2,,Division 2,Division 2,Team 1,4,37,Windsor,1,,,,,#REF!,#REF!,#REF!,#REF!,#REF!,#REF!,#REF!,#REF!,#REF!,#REF!,#REF!,#REF!,,,,,,,,,,,
131,1,2021-05-14 19:30:00,Sub Juniors,1,1,Figure March,Core,2,,Division 2,Division 2,Team 1,5,15,Seacliff,1,,,,,#REF!,#REF!,#REF!,#REF!,#REF!,#REF!,#REF!,#REF!,#REF!,#REF!,#REF!,#REF!,,,,,,,,,,,
132,1,2021-05-14 19:30:00,Sub Juniors,3,2,Rod Exercises,Core,2,,Division 2,Division 2,Team 1,1,27,Gleneliz,1,,,,,#REF!,#REF!,#REF!,#REF!,#REF!,#REF!,#REF!,#REF!,#REF!,#REF!,#REF!,#REF!,,,,,,,,,,,
133,1,2021-05-14 19:30:00,Sub Juniors,3,2,Rod Exercises,Core,2,,Division 2,Division 2,Team 1,2,11,Happy Valley,1,,,,,#REF!,#REF!,#REF!,#REF!,#REF!,#REF!,#REF!,#REF!,#REF!,#REF!,#REF!,#REF!,,,,,,,,,,,
134,1,2021-05-14 19:30:00,Sub Juniors,3,2,Rod Exercises,Core,2,,Division 2,Division 2,Team 1,3,37,Windsor,1,,,,,#REF!,#REF!,#REF!,#REF!,#REF!,#REF!,#REF!,#REF!,#REF!,#REF!,#REF!,#REF!,,,,,,,,,,,
135,1,2021-05-14 19:30:00,Sub Juniors,3,2,Rod Exercises,Core,2,,Division 2,Division 2,Team 1,4,15,Seacliff,1,,,,,#REF!,#REF!,#REF!,#REF!,#REF!,#REF!,#REF!,#REF!,#REF!,#REF!,#REF!,#REF!,,,,,,,,,,,
136,1,2021-05-14 19:30:00,Sub Juniors,3,2,Rod Exercises,Core,2,,Division 2,Division 2,Team 1,5,6,Gawler,1,,,,,#REF!,#REF!,#REF!,#REF!,#REF!,#REF!,#REF!,#REF!,#REF!,#REF!,#REF!,#REF!,,,,,,,,,,,
137,1,2021-05-14 19:30:00,Sub Juniors,13,3,Song and Dance,Fancy,2,,Division 2,Division 2,Team 1,1,37,Windsor,1,Mama I'm a Big Girl Now,,,,#REF!,#REF!,#REF!,#REF!,#REF!,#REF!,#REF!,#REF!,#REF!,#REF!,#REF!,#REF!,,,,,,,,,,,
138,1,2021-05-14 19:30:00,Sub Juniors,13,3,Song and Dance,Fancy,2,,Division 2,Division 2,Team 1,2,6,Gawler,1,What a Jolly Jingly Surprise,,,,#REF!,#REF!,#REF!,#REF!,#REF!,#REF!,#REF!,#REF!,#REF!,#REF!,#REF!,#REF!,,,,,,,,,,,
139,1,2021-05-14 19:30:00,Sub Juniors,13,3,Song and Dance,Fancy,2,,Division 2,Division 2,Team 1,3,27,Gleneliz,1,Up on the Stage,,,,#REF!,#REF!,#REF!,#REF!,#REF!,#REF!,#REF!,#REF!,#REF!,#REF!,#REF!,#REF!,,,,,,,,,,,
140,1,2021-05-14 19:30:00,Sub Juniors,13,3,Song and Dance,Fancy,2,,Division 2,Division 2,Team 1,4,15,Seacliff,1,Matilda,,,,#REF!,#REF!,#REF!,#REF!,#REF!,#REF!,#REF!,#REF!,#REF!,#REF!,#REF!,#REF!,,,,,,,,,,,
141,1,2021-05-14 19:30:00,Sub Juniors,13,3,Song and Dance,Fancy,2,,Division 2,Division 2,Team 1,5,11,Happy Valley,1,Annie,,,,#REF!,#REF!,#REF!,#REF!,#REF!,#REF!,#REF!,#REF!,#REF!,#REF!,#REF!,#REF!,,,,,,,,,,,
142,1,2021-05-17 18:00:00,Seniors,1,1,Figure March,Core,0,,Championship Division,Championship Division,,1,7,AVV Millennium,1,,,,,#REF!,#REF!,#REF!,#REF!,#REF!,#REF!,#REF!,#REF!,#REF!,#REF!,#REF!,#REF!,,,,,,,,,,,
143,1,2021-05-17 18:00:00,Seniors,1,1,Figure March,Core,0,,Championship Division,Championship Division,,2,40,Del Sante Gardens,1,,,,,#REF!,#REF!,#REF!,#REF!,#REF!,#REF!,#REF!,#REF!,#REF!,#REF!,#REF!,#REF!,,,,,,,,,,,
144,1,2021-05-17 18:00:00,Seniors,1,1,Figure March,Core,0,,Championship Division,Championship Division,,3,8,Burnside,1,,,,,#REF!,#REF!,#REF!,#REF!,#REF!,#REF!,#REF!,#REF!,#REF!,#REF!,#REF!,#REF!,,,,,,,,,,,
145,1,2021-05-17 18:00:00,Seniors,1,1,Figure March,Core,0,,Championship Division,Championship Division,,4,6,Gawler,1,,,,,#REF!,#REF!,#REF!,#REF!,#REF!,#REF!,#REF!,#REF!,#REF!,#REF!,#REF!,#REF!,,,,,,,,,,,
146,1,2021-05-17 18:00:00,Seniors,1,1,Figure March,Core,0,,Championship Division,Championship Division,,5,3,Innovation,1,,,,,#REF!,#REF!,#REF!,#REF!,#REF!,#REF!,#REF!,#REF!,#REF!,#REF!,#REF!,#REF!,,,,,,,,,,,
147,1,2021-05-17 18:00:00,Seniors,1,1,Figure March,Core,0,,Championship Division,Championship Division,,6,9,Marden,1,,,,,#REF!,#REF!,#REF!,#REF!,#REF!,#REF!,#REF!,#REF!,#REF!,#REF!,#REF!,#REF!,,,,,,,,,,,
148,1,2021-05-17 18:00:00,Seniors,4,2,Club Swinging,Core,0,,Championship Division,Championship Division,Team 1 & 2,1,3,Innovation,2,,,,,#REF!,#REF!,#REF!,#REF!,#REF!,#REF!,#REF!,#REF!,#REF!,#REF!,#REF!,#REF!,,,,,,,,,,,
149,1,2021-05-17 18:00:00,Seniors,4,2,Club Swinging,Core,0,,Championship Division,Championship Division,Team 1 & 2,2,9,Marden,2,,,,,#REF!,#REF!,#REF!,#REF!,#REF!,#REF!,#REF!,#REF!,#REF!,#REF!,#REF!,#REF!,,,,,,,,,,,
150,1,2021-05-17 18:00:00,Seniors,4,2,Club Swinging,Core,0,,Championship Division,Championship Division,Team 1 & 2,3,3,Innovation,1,,,,,#REF!,#REF!,#REF!,#REF!,#REF!,#REF!,#REF!,#REF!,#REF!,#REF!,#REF!,#REF!,,,,,,,,,,,
151,1,2021-05-17 18:00:00,Seniors,4,2,Club Swinging,Core,0,,Championship Division,Championship Division,Team 1 & 2,4,6,Gawler,1,,,,,#REF!,#REF!,#REF!,#REF!,#REF!,#REF!,#REF!,#REF!,#REF!,#REF!,#REF!,#REF!,,,,,,,,,,,
152,1,2021-05-17 18:00:00,Seniors,4,2,Club Swinging,Core,0,,Championship Division,Championship Division,Team 1 & 2,5,8,Burnside,1,,,,,#REF!,#REF!,#REF!,#REF!,#REF!,#REF!,#REF!,#REF!,#REF!,#REF!,#REF!,#REF!,,,,,,,,,,,
153,1,2021-05-17 18:00:00,Seniors,4,2,Club Swinging,Core,0,,Championship Division,Championship Division,Team 1 & 2,6,7,AVV Millennium,1,,,,,#REF!,#REF!,#REF!,#REF!,#REF!,#REF!,#REF!,#REF!,#REF!,#REF!,#REF!,#REF!,,,,,,,,,,,
154,1,2021-05-17 18:00:00,Seniors,4,2,Club Swinging,Core,0,,Championship Division,Championship Division,Team 1 & 2,7,9,Marden,1,,,,,#REF!,#REF!,#REF!,#REF!,#REF!,#REF!,#REF!,#REF!,#REF!,#REF!,#REF!,#REF!,,,,,,,,,,,
155,1,2021-05-17 18:00:00,Seniors,4,2,Club Swinging,Core,0,,Championship Division,Championship Division,Team 1 & 2,8,40,Del Sante Gardens,1,,,,,#REF!,#REF!,#REF!,#REF!,#REF!,#REF!,#REF!,#REF!,#REF!,#REF!,#REF!,#REF!,,,,,,,,,,,
156,1,2021-05-17 18:00:00,Seniors,6,3,Rhythmical Aesthetic,Fancy,0,,Championship Division,Championship Division,,1,7,AVV Millennium,1,Upon the Hour,,,,#REF!,#REF!,#REF!,#REF!,#REF!,#REF!,#REF!,#REF!,#REF!,#REF!,#REF!,#REF!,,,,,,,,,,,
157,1,2021-05-17 18:00:00,Seniors,6,3,Rhythmical Aesthetic,Fancy,0,,Championship Division,Championship Division,,2,8,Burnside,1,A Sunburnt Country,,,,#REF!,#REF!,#REF!,#REF!,#REF!,#REF!,#REF!,#REF!,#REF!,#REF!,#REF!,#REF!,,,,,,,,,,,
158,1,2021-05-17 18:00:00,Seniors,6,3,Rhythmical Aesthetic,Fancy,0,,Championship Division,Championship Division,,3,3,Innovation,1,Empowerment,,,,#REF!,#REF!,#REF!,#REF!,#REF!,#REF!,#REF!,#REF!,#REF!,#REF!,#REF!,#REF!,,,,,,,,,,,
159,1,2021-05-17 18:00:00,Seniors,6,3,Rhythmical Aesthetic,Fancy,0,,Championship Division,Championship Division,,4,9,Marden,1,,,,,#REF!,#REF!,#REF!,#REF!,#REF!,#REF!,#REF!,#REF!,#REF!,#REF!,#REF!,#REF!,,,,,,,,,,,
160,1,2021-05-17 18:00:00,Seniors,6,3,Rhythmical Aesthetic,Fancy,0,,Championship Division,Championship Division,,5,6,Gawler,1,Pearl Harbour,,,,#REF!,#REF!,#REF!,#REF!,#REF!,#REF!,#REF!,#REF!,#REF!,#REF!,#REF!,#REF!,,,,,,,,,,,
161,1,2021-05-17 18:00:00,Seniors,6,3,Rhythmical Aesthetic,Fancy,0,,Championship Division,Championship Division,,6,40,Del Sante Gardens,1,The Wild Wild West,,,,#REF!,#REF!,#REF!,#REF!,#REF!,#REF!,#REF!,#REF!,#REF!,#REF!,#REF!,#REF!,,,,,,,,,,,
162,1,2021-05-18 18:00:00,Sub Juniors,1,1,Figure March,Core,0,,Championship Division,Championship Division,Team 1,1,14,Plympton Halifax,1,,,,,#REF!,#REF!,#REF!,#REF!,#REF!,#REF!,#REF!,#REF!,#REF!,#REF!,#REF!,#REF!,,,,,,,,,,,
163,1,2021-05-18 18:00:00,Sub Juniors,1,1,Figure March,Core,0,,Championship Division,Championship Division,Team 1,2,8,Burnside,1,,,,,#REF!,#REF!,#REF!,#REF!,#REF!,#REF!,#REF!,#REF!,#REF!,#REF!,#REF!,#REF!,,,,,,,,,,,
164,1,2021-05-18 18:00:00,Sub Juniors,1,1,Figure March,Core,0,,Championship Division,Championship Division,Team 1,3,9,Marden,1,,,,,#REF!,#REF!,#REF!,#REF!,#REF!,#REF!,#REF!,#REF!,#REF!,#REF!,#REF!,#REF!,,,,,,,,,,,
165,1,2021-05-18 18:00:00,Sub Juniors,1,1,Figure March,Core,0,,Championship Division,Championship Division,Team 1,4,36,Ridgehaven,1,,,,,#REF!,#REF!,#REF!,#REF!,#REF!,#REF!,#REF!,#REF!,#REF!,#REF!,#REF!,#REF!,,,,,,,,,,,
166,1,2021-05-18 18:00:00,Sub Juniors,1,1,Figure March,Core,0,,Championship Division,Championship Division,Team 1,5,12,Reynella Braeview,1,,,,,#REF!,#REF!,#REF!,#REF!,#REF!,#REF!,#REF!,#REF!,#REF!,#REF!,#REF!,#REF!,,,,,,,,,,,
167,1,2021-05-18 18:00:00,Sub Juniors,1,1,Figure March,Core,0,,Championship Division,Championship Division,Team 1,6,3,Innovation,1,,,,,#REF!,#REF!,#REF!,#REF!,#REF!,#REF!,#REF!,#REF!,#REF!,#REF!,#REF!,#REF!,,,,,,,,,,,
168,1,2021-05-18 18:00:00,Sub Juniors,3,2,Rod Exercises,Core,0,,Championship Division,Championship Division,Team 1,1,14,Plympton Halifax,1,,,,,#REF!,#REF!,#REF!,#REF!,#REF!,#REF!,#REF!,#REF!,#REF!,#REF!,#REF!,#REF!,,,,,,,,,,,
169,1,2021-05-18 18:00:00,Sub Juniors,3,2,Rod Exercises,Core,0,,Championship Division,Championship Division,Team 1,2,36,Ridgehaven,1,,,,,#REF!,#REF!,#REF!,#REF!,#REF!,#REF!,#REF!,#REF!,#REF!,#REF!,#REF!,#REF!,,,,,,,,,,,
170,1,2021-05-18 18:00:00,Sub Juniors,3,2,Rod Exercises,Core,0,,Championship Division,Championship Division,Team 1,3,8,Burnside,1,,,,,#REF!,#REF!,#REF!,#REF!,#REF!,#REF!,#REF!,#REF!,#REF!,#REF!,#REF!,#REF!,,,,,,,,,,,
171,1,2021-05-18 18:00:00,Sub Juniors,3,2,Rod Exercises,Core,0,,Championship Division,Championship Division,Team 1,4,3,Innovation,1,,,,,#REF!,#REF!,#REF!,#REF!,#REF!,#REF!,#REF!,#REF!,#REF!,#REF!,#REF!,#REF!,,,,,,,,,,,
172,1,2021-05-18 18:00:00,Sub Juniors,3,2,Rod Exercises,Core,0,,Championship Division,Championship Division,Team 1,5,12,Reynella Braeview,1,,,,,#REF!,#REF!,#REF!,#REF!,#REF!,#REF!,#REF!,#REF!,#REF!,#REF!,#REF!,#REF!,,,,,,,,,,,
173,1,2021-05-18 18:00:00,Sub Juniors,3,2,Rod Exercises,Core,0,,Championship Division,Championship Division,Team 1,6,9,Marden,1,,,,,#REF!,#REF!,#REF!,#REF!,#REF!,#REF!,#REF!,#REF!,#REF!,#REF!,#REF!,#REF!,,,,,,,,,,,
174,1,2021-05-18 18:00:00,Sub Juniors,13,3,Song and Dance,Fancy,0,,Championship Division,Championship Division,Team 1,1,3,Innovation,1,A day with Mary,,,,#REF!,#REF!,#REF!,#REF!,#REF!,#REF!,#REF!,#REF!,#REF!,#REF!,#REF!,#REF!,,,,,,,,,,,
175,1,2021-05-18 18:00:00,Sub Juniors,13,3,Song and Dance,Fancy,0,,Championship Division,Championship Division,Team 1,2,8,Burnside,1,I've got Rhythm,,,,#REF!,#REF!,#REF!,#REF!,#REF!,#REF!,#REF!,#REF!,#REF!,#REF!,#REF!,#REF!,,,,,,,,,,,
176,1,2021-05-18 18:00:00,Sub Juniors,13,3,Song and Dance,Fancy,0,,Championship Division,Championship Division,Team 1,3,12,Reynella Braeview,1,J'adore Paris,,,,#REF!,#REF!,#REF!,#REF!,#REF!,#REF!,#REF!,#REF!,#REF!,#REF!,#REF!,#REF!,,,,,,,,,,,
177,1,2021-05-18 18:00:00,Sub Juniors,13,3,Song and Dance,Fancy,0,,Championship Division,Championship Division,Team 1,4,36,Ridgehaven,1,Welcome to Paris,,,,#REF!,#REF!,#REF!,#REF!,#REF!,#REF!,#REF!,#REF!,#REF!,#REF!,#REF!,#REF!,,,,,,,,,,,
178,1,2021-05-18 18:00:00,Sub Juniors,13,3,Song and Dance,Fancy,0,,Championship Division,Championship Division,Team 1,5,14,Plympton Halifax,1,Pinocchio,,,,#REF!,#REF!,#REF!,#REF!,#REF!,#REF!,#REF!,#REF!,#REF!,#REF!,#REF!,#REF!,,,,,,,,,,,
179,1,2021-05-18 18:00:00,Sub Juniors,13,3,Song and Dance,Fancy,0,,Championship Division,Championship Division,Team 1,6,9,Marden,1,The Sweets Shop,,,,#REF!,#REF!,#REF!,#REF!,#REF!,#REF!,#REF!,#REF!,#REF!,#REF!,#REF!,#REF!,,,,,,,,,,,
180,1,2021-05-18 19:30:00,Seniors,1,1,Figure March,Core,3,,Division 3,Division 3,,1,10,Waratah,1,,,,,#REF!,#REF!,#REF!,#REF!,#REF!,#REF!,#REF!,#REF!,#REF!,#REF!,#REF!,#REF!,,,,,,,,,,,
181,1,2021-05-18 19:30:00,Seniors,1,1,Figure March,Core,3,,Division 3,Division 3,,2,2,Acacia,1,,,,,#REF!,#REF!,#REF!,#REF!,#REF!,#REF!,#REF!,#REF!,#REF!,#REF!,#REF!,#REF!,,,,,,,,,,,
182,1,2021-05-18 19:30:00,Seniors,1,1,Figure March,Core,3,,Division 3,Division 3,,3,38,Seaford,1,,,,,#REF!,#REF!,#REF!,#REF!,#REF!,#REF!,#REF!,#REF!,#REF!,#REF!,#REF!,#REF!,,,,,,,,,,,
183,1,2021-05-18 19:30:00,Seniors,1,1,Figure March,Core,3,,Division 3,Division 3,,4,31,Para Vista,1,,,,,#REF!,#REF!,#REF!,#REF!,#REF!,#REF!,#REF!,#REF!,#REF!,#REF!,#REF!,#REF!,,,,,,,,,,,
184,1,2021-05-18 19:30:00,Seniors,1,1,Figure March,Core,3,,Division 3,Division 3,,5,34,Aurora,1,,,,,#REF!,#REF!,#REF!,#REF!,#REF!,#REF!,#REF!,#REF!,#REF!,#REF!,#REF!,#REF!,,,,,,,,,,,
185,1,2021-05-18 19:30:00,Seniors,4,2,Club Swinging,Core,3,,Division 3,Division 3,,1,38,Seaford,1,,,,,#REF!,#REF!,#REF!,#REF!,#REF!,#REF!,#REF!,#REF!,#REF!,#REF!,#REF!,#REF!,,,,,,,,,,,
186,1,2021-05-18 19:30:00,Seniors,4,2,Club Swinging,Core,3,,Division 3,Division 3,,2,10,Waratah,1,,,,,#REF!,#REF!,#REF!,#REF!,#REF!,#REF!,#REF!,#REF!,#REF!,#REF!,#REF!,#REF!,,,,,,,,,,,
187,1,2021-05-18 19:30:00,Seniors,4,2,Club Swinging,Core,3,,Division 3,Division 3,,3,34,Aurora,1,,,,,#REF!,#REF!,#REF!,#REF!,#REF!,#REF!,#REF!,#REF!,#REF!,#REF!,#REF!,#REF!,,,,,,,,,,,
188,1,2021-05-18 19:30:00,Seniors,4,2,Club Swinging,Core,3,,Division 3,Division 3,,4,31,Para Vista,1,,,,,#REF!,#REF!,#REF!,#REF!,#REF!,#REF!,#REF!,#REF!,#REF!,#REF!,#REF!,#REF!,,,,,,,,,,,
189,1,2021-05-18 19:30:00,Seniors,4,2,Club Swinging,Core,3,,Division 3,Division 3,,5,2,Acacia,1,,,,,#REF!,#REF!,#REF!,#REF!,#REF!,#REF!,#REF!,#REF!,#REF!,#REF!,#REF!,#REF!,,,,,,,,,,,
190,1,2021-05-18 19:30:00,Seniors,6,3,Rhythmical Aesthetic,Fancy,3,,Division 3,Division 3,,1,34,Aurora,1,Is that alright?,,,,#REF!,#REF!,#REF!,#REF!,#REF!,#REF!,#REF!,#REF!,#REF!,#REF!,#REF!,#REF!,,,,,,,,,,,
191,1,2021-05-18 19:30:00,Seniors,6,3,Rhythmical Aesthetic,Fancy,3,,Division 3,Division 3,,2,38,Seaford,1,My love for the stage,,,,#REF!,#REF!,#REF!,#REF!,#REF!,#REF!,#REF!,#REF!,#REF!,#REF!,#REF!,#REF!,,,,,,,,,,,
192,1,2021-05-18 19:30:00,Seniors,6,3,Rhythmical Aesthetic,Fancy,3,,Division 3,Division 3,,3,2,Acacia,1,You're Never Alone,,,,#REF!,#REF!,#REF!,#REF!,#REF!,#REF!,#REF!,#REF!,#REF!,#REF!,#REF!,#REF!,,,,,,,,,,,
193,1,2021-05-18 19:30:00,Seniors,6,3,Rhythmical Aesthetic,Fancy,3,,Division 3,Division 3,,4,31,Para Vista,1,Letters,,,,#REF!,#REF!,#REF!,#REF!,#REF!,#REF!,#REF!,#REF!,#REF!,#REF!,#REF!,#REF!,,,,,,,,,,,
194,1,2021-05-18 19:30:00,Seniors,6,3,Rhythmical Aesthetic,Fancy,3,,Division 3,Division 3,,5,10,Waratah,1,Prince of Egypt,,,,#REF!,#REF!,#REF!,#REF!,#REF!,#REF!,#REF!,#REF!,#REF!,#REF!,#REF!,#REF!,,,,,,,,,,,
195,1,2021-05-19 18:00:00,Intermediates,2,1,Free Exercises,Core,1,,Division 1,Division 1,Team 2,1,12,Reynella Braeview,2,,,,,#REF!,#REF!,#REF!,#REF!,#REF!,#REF!,#REF!,#REF!,#REF!,#REF!,#REF!,#REF!,,,,,,,,,,,
196,1,2021-05-19 18:00:00,Intermediates,2,1,Free Exercises,Core,1,,Division 1,Division 1,Team 2,2,14,Plympton Halifax,2,,,Maybe?,,#REF!,#REF!,#REF!,#REF!,#REF!,#REF!,#REF!,#REF!,#REF!,#REF!,#REF!,#REF!,,,,,,,,,,,
197,1,2021-05-19 18:00:00,Intermediates,2,1,Free Exercises,Core,1,,Division 1,Division 1,Team 2,3,41,Seaton,2,,,,,#REF!,#REF!,#REF!,#REF!,#REF!,#REF!,#REF!,#REF!,#REF!,#REF!,#REF!,#REF!,,,,,,,,,,,
198,1,2021-05-19 18:00:00,Intermediates,3,2,Rod Exercises,Core,1,,Division 1,Division 1,Team 2,1,12,Reynella Braeview,2,,,,,#REF!,#REF!,#REF!,#REF!,#REF!,#REF!,#REF!,#REF!,#REF!,#REF!,#REF!,#REF!,,,,,,,,,,,
199,1,2021-05-19 18:00:00,Intermediates,3,2,Rod Exercises,Core,1,,Division 1,Division 1,Team 2,2,41,Seaton,2,,,,,#REF!,#REF!,#REF!,#REF!,#REF!,#REF!,#REF!,#REF!,#REF!,#REF!,#REF!,#REF!,,,,,,,,,,,
200,1,2021-05-19 18:00:00,Intermediates,3,2,Rod Exercises,Core,1,,Division 1,Division 1,Team 2,3,14,Plympton Halifax,2,,,Maybe?,,#REF!,#REF!,#REF!,#REF!,#REF!,#REF!,#REF!,#REF!,#REF!,#REF!,#REF!,#REF!,,,,,,,,,,,
201,1,2021-05-19 18:00:00,Intermediates,7,3,Rhythmic Interpretation,Fancy,1,,Division 1,Division 1,Team 2,1,12,Reynella Braeview,2,A World we Design,,,,#REF!,#REF!,#REF!,#REF!,#REF!,#REF!,#REF!,#REF!,#REF!,#REF!,#REF!,#REF!,,,,,,,,,,,
202,1,2021-05-19 18:00:00,Intermediates,7,3,Rhythmic Interpretation,Fancy,1,,Division 1,Division 1,Team 2,2,14,Plympton Halifax,2,Find your Voice,,Maybe?,,#REF!,#REF!,#REF!,#REF!,#REF!,#REF!,#REF!,#REF!,#REF!,#REF!,#REF!,#REF!,,,,,,,,,,,
203,1,2021-05-19 18:00:00,Intermediates,7,3,Rhythmic Interpretation,Fancy,1,,Division 1,Division 1,Team 2,3,41,Seaton,2,Arabian Nights,,,,#REF!,#REF!,#REF!,#REF!,#REF!,#REF!,#REF!,#REF!,#REF!,#REF!,#REF!,#REF!,,,,,,,,,,,
204,1,2021-05-19 19:30:00,Intermediates,2,1,Free Exercises,Core,1,,Division 1,Division 1,Team 1,1,41,Seaton,1,,,,,#REF!,#REF!,#REF!,#REF!,#REF!,#REF!,#REF!,#REF!,#REF!,#REF!,#REF!,#REF!,,,,,,,,,,,
205,1,2021-05-19 19:30:00,Intermediates,2,1,Free Exercises,Core,1,,Division 1,Division 1,Team 1,2,14,Plympton Halifax,1,,,Maybe?,,#REF!,#REF!,#REF!,#REF!,#REF!,#REF!,#REF!,#REF!,#REF!,#REF!,#REF!,#REF!,,,,,,,,,,,
206,1,2021-05-19 19:30:00,Intermediates,2,1,Free Exercises,Core,1,,Division 1,Division 1,Team 1,3,13,Brighton,1,,,,,#REF!,#REF!,#REF!,#REF!,#REF!,#REF!,#REF!,#REF!,#REF!,#REF!,#REF!,#REF!,,,,,,,,,,,
207,1,2021-05-19 19:30:00,Intermediates,2,1,Free Exercises,Core,1,,Division 1,Division 1,Team 1,4,12,Reynella Braeview,1,,,,,#REF!,#REF!,#REF!,#REF!,#REF!,#REF!,#REF!,#REF!,#REF!,#REF!,#REF!,#REF!,,,,,,,,,,,
208,1,2021-05-19 19:30:00,Intermediates,2,1,Free Exercises,Core,1,,Division 1,Division 1,Team 1,5,27,Gleneliz,1,,,,,#REF!,#REF!,#REF!,#REF!,#REF!,#REF!,#REF!,#REF!,#REF!,#REF!,#REF!,#REF!,,,,,,,,,,,
209,1,2021-05-19 19:30:00,Intermediates,2,1,Free Exercises,Core,1,,Division 1,Division 1,Team 1,6,6,Gawler,1,,,,,#REF!,#REF!,#REF!,#REF!,#REF!,#REF!,#REF!,#REF!,#REF!,#REF!,#REF!,#REF!,,,,,,,,,,,
210,1,2021-05-19 19:30:00,Intermediates,3,2,Rod Exercises,Core,1,,Division 1,Division 1,Team 1,1,13,Brighton,1,,,,,#REF!,#REF!,#REF!,#REF!,#REF!,#REF!,#REF!,#REF!,#REF!,#REF!,#REF!,#REF!,,,,,,,,,,,
211,1,2021-05-19 19:30:00,Intermediates,3,2,Rod Exercises,Core,1,,Division 1,Division 1,Team 1,2,14,Plympton Halifax,1,,,Maybe?,,#REF!,#REF!,#REF!,#REF!,#REF!,#REF!,#REF!,#REF!,#REF!,#REF!,#REF!,#REF!,,,,,,,,,,,
212,1,2021-05-19 19:30:00,Intermediates,3,2,Rod Exercises,Core,1,,Division 1,Division 1,Team 1,3,6,Gawler,1,,,,,#REF!,#REF!,#REF!,#REF!,#REF!,#REF!,#REF!,#REF!,#REF!,#REF!,#REF!,#REF!,,,,,,,,,,,
213,1,2021-05-19 19:30:00,Intermediates,3,2,Rod Exercises,Core,1,,Division 1,Division 1,Team 1,4,41,Seaton,1,,,,,#REF!,#REF!,#REF!,#REF!,#REF!,#REF!,#REF!,#REF!,#REF!,#REF!,#REF!,#REF!,,,,,,,,,,,
214,1,2021-05-19 19:30:00,Intermediates,3,2,Rod Exercises,Core,1,,Division 1,Division 1,Team 1,5,27,Gleneliz,1,,,,,#REF!,#REF!,#REF!,#REF!,#REF!,#REF!,#REF!,#REF!,#REF!,#REF!,#REF!,#REF!,,,,,,,,,,,
215,1,2021-05-19 19:30:00,Intermediates,3,2,Rod Exercises,Core,1,,Division 1,Division 1,Team 1,6,12,Reynella Braeview,1,,,,,#REF!,#REF!,#REF!,#REF!,#REF!,#REF!,#REF!,#REF!,#REF!,#REF!,#REF!,#REF!,,,,,,,,,,,
216,1,2021-05-19 19:30:00,Intermediates,7,3,Rhythmic Interpretation,Fancy,1,,Division 1,Division 1,,1,14,Plympton Halifax,1,You will be found,,Maybe?,,#REF!,#REF!,#REF!,#REF!,#REF!,#REF!,#REF!,#REF!,#REF!,#REF!,#REF!,#REF!,,,,,,,,,,,
217,1,2021-05-19 19:30:00,Intermediates,7,3,Rhythmic Interpretation,Fancy,1,,Division 1,Division 1,,2,27,Gleneliz,1,Pandora's Box,,,,#REF!,#REF!,#REF!,#REF!,#REF!,#REF!,#REF!,#REF!,#REF!,#REF!,#REF!,#REF!,,,,,,,,,,,
218,1,2021-05-19 19:30:00,Intermediates,7,3,Rhythmic Interpretation,Fancy,1,,Division 1,Division 1,,3,6,Gawler,1,Pan,,,,#REF!,#REF!,#REF!,#REF!,#REF!,#REF!,#REF!,#REF!,#REF!,#REF!,#REF!,#REF!,,,,,,,,,,,
219,1,2021-05-19 19:30:00,Intermediates,7,3,Rhythmic Interpretation,Fancy,1,,Division 1,Division 1,,4,12,Reynella Braeview,1,The Bells of Notre Dame,,,,#REF!,#REF!,#REF!,#REF!,#REF!,#REF!,#REF!,#REF!,#REF!,#REF!,#REF!,#REF!,,,,,,,,,,,
220,1,2021-05-19 19:30:00,Intermediates,7,3,Rhythmic Interpretation,Fancy,1,,Division 1,Division 1,,5,41,Seaton,1,A Love Story,,,,#REF!,#REF!,#REF!,#REF!,#REF!,#REF!,#REF!,#REF!,#REF!,#REF!,#REF!,#REF!,,,,,,,,,,,
221,1,2021-05-19 19:30:00,Intermediates,7,3,Rhythmic Interpretation,Fancy,1,,Division 1,Division 1,,6,13,Brighton,1,,,,,#REF!,#REF!,#REF!,#REF!,#REF!,#REF!,#REF!,#REF!,#REF!,#REF!,#REF!,#REF!,,,,,,,,,,,
222,1,2021-05-20 18:00:00,Intermediates,2,1,Free Exercises,Core,0,,Championship Division,Championship Division,Team 2,1,7,AVV Millennium,2,,,,,#REF!,#REF!,#REF!,#REF!,#REF!,#REF!,#REF!,#REF!,#REF!,#REF!,#REF!,#REF!,,,,,,,,,,,
223,1,2021-05-20 18:00:00,Intermediates,2,1,Free Exercises,Core,0,,Championship Division,Championship Division,Team 2,2,36,Ridgehaven,2,,,,,#REF!,#REF!,#REF!,#REF!,#REF!,#REF!,#REF!,#REF!,#REF!,#REF!,#REF!,#REF!,,,,,,,,,,,
224,1,2021-05-20 18:00:00,Intermediates,2,1,Free Exercises,Core,0,,Championship Division,Championship Division,Team 2,3,3,Innovation,2,,,,,#REF!,#REF!,#REF!,#REF!,#REF!,#REF!,#REF!,#REF!,#REF!,#REF!,#REF!,#REF!,,,,,,,,,,,
225,1,2021-05-20 18:00:00,Intermediates,2,1,Free Exercises,Core,0,,Championship Division,Championship Division,Team 2,4,9,Marden,2,,,,,#REF!,#REF!,#REF!,#REF!,#REF!,#REF!,#REF!,#REF!,#REF!,#REF!,#REF!,#REF!,,,,,,,,,,,
226,1,2021-05-20 18:00:00,Intermediates,3,2,Rod Exercises,Core,0,,Championship Division,Championship Division,Team 2,1,36,Ridgehaven,2,,,,,#REF!,#REF!,#REF!,#REF!,#REF!,#REF!,#REF!,#REF!,#REF!,#REF!,#REF!,#REF!,,,,,,,,,,,
227,1,2021-05-20 18:00:00,Intermediates,3,2,Rod Exercises,Core,0,,Championship Division,Championship Division,Team 2,2,7,AVV Millennium,2,,,,,#REF!,#REF!,#REF!,#REF!,#REF!,#REF!,#REF!,#REF!,#REF!,#REF!,#REF!,#REF!,,,,,,,,,,,
228,1,2021-05-20 18:00:00,Intermediates,3,2,Rod Exercises,Core,0,,Championship Division,Championship Division,Team 2,3,3,Innovation,2,,,,,#REF!,#REF!,#REF!,#REF!,#REF!,#REF!,#REF!,#REF!,#REF!,#REF!,#REF!,#REF!,,,,,,,,,,,
229,1,2021-05-20 18:00:00,Intermediates,3,2,Rod Exercises,Core,0,,Championship Division,Championship Division,Team 2,4,9,Marden,2,,,,,#REF!,#REF!,#REF!,#REF!,#REF!,#REF!,#REF!,#REF!,#REF!,#REF!,#REF!,#REF!,,,,,,,,,,,
230,1,2021-05-20 18:00:00,Intermediates,7,3,Rhythmic Interpretation,Fancy,0,,Championship Division,Championship Division,Team 2,1,36,Ridgehaven,2,Pure Imagination,,,,#REF!,#REF!,#REF!,#REF!,#REF!,#REF!,#REF!,#REF!,#REF!,#REF!,#REF!,#REF!,,,,,,,,,,,
231,1,2021-05-20 18:00:00,Intermediates,7,3,Rhythmic Interpretation,Fancy,0,,Championship Division,Championship Division,Team 2,2,3,Innovation,2,The Kings New Clothes,,,,#REF!,#REF!,#REF!,#REF!,#REF!,#REF!,#REF!,#REF!,#REF!,#REF!,#REF!,#REF!,,,,,,,,,,,
232,1,2021-05-20 19:30:00,Intermediates,2,1,Free Exercises,Core,0,,Championship Division,Championship Division,Team 1,1,8,Burnside,1,,,,,#REF!,#REF!,#REF!,#REF!,#REF!,#REF!,#REF!,#REF!,#REF!,#REF!,#REF!,#REF!,,,,,,,,,,,
233,1,2021-05-20 19:30:00,Intermediates,2,1,Free Exercises,Core,0,,Championship Division,Championship Division,Team 1,2,9,Marden,1,,,,,#REF!,#REF!,#REF!,#REF!,#REF!,#REF!,#REF!,#REF!,#REF!,#REF!,#REF!,#REF!,,,,,,,,,,,
234,1,2021-05-20 19:30:00,Intermediates,2,1,Free Exercises,Core,0,,Championship Division,Championship Division,Team 1,3,3,Innovation,1,,,,,#REF!,#REF!,#REF!,#REF!,#REF!,#REF!,#REF!,#REF!,#REF!,#REF!,#REF!,#REF!,,,,,,,,,,,
235,1,2021-05-20 19:30:00,Intermediates,2,1,Free Exercises,Core,0,,Championship Division,Championship Division,Team 1,4,29,Jem,1,,,,,#REF!,#REF!,#REF!,#REF!,#REF!,#REF!,#REF!,#REF!,#REF!,#REF!,#REF!,#REF!,,,,,,,,,,,
236,1,2021-05-20 19:30:00,Intermediates,2,1,Free Exercises,Core,0,,Championship Division,Championship Division,Team 1,5,7,AVV Millennium,1,,,,,#REF!,#REF!,#REF!,#REF!,#REF!,#REF!,#REF!,#REF!,#REF!,#REF!,#REF!,#REF!,,,,,,,,,,,
237,1,2021-05-20 19:30:00,Intermediates,2,1,Free Exercises,Core,0,,Championship Division,Championship Division,Team 1,6,36,Ridgehaven,1,,,,,#REF!,#REF!,#REF!,#REF!,#REF!,#REF!,#REF!,#REF!,#REF!,#REF!,#REF!,#REF!,,,,,,,,,,,
238,1,2021-05-20 19:30:00,Intermediates,3,2,Rod Exercises,Core,0,,Championship Division,Championship Division,Team 1,1,8,Burnside,1,,,,,#REF!,#REF!,#REF!,#REF!,#REF!,#REF!,#REF!,#REF!,#REF!,#REF!,#REF!,#REF!,,,,,,,,,,,
239,1,2021-05-20 19:30:00,Intermediates,3,2,Rod Exercises,Core,0,,Championship Division,Championship Division,Team 1,2,29,Jem,1,,,,,#REF!,#REF!,#REF!,#REF!,#REF!,#REF!,#REF!,#REF!,#REF!,#REF!,#REF!,#REF!,,,,,,,,,,,
240,1,2021-05-20 19:30:00,Intermediates,3,2,Rod Exercises,Core,0,,Championship Division,Championship Division,Team 1,3,9,Marden,1,,,,,#REF!,#REF!,#REF!,#REF!,#REF!,#REF!,#REF!,#REF!,#REF!,#REF!,#REF!,#REF!,,,,,,,,,,,
241,1,2021-05-20 19:30:00,Intermediates,3,2,Rod Exercises,Core,0,,Championship Division,Championship Division,Team 1,4,3,Innovation,1,,,,,#REF!,#REF!,#REF!,#REF!,#REF!,#REF!,#REF!,#REF!,#REF!,#REF!,#REF!,#REF!,,,,,,,,,,,
242,1,2021-05-20 19:30:00,Intermediates,3,2,Rod Exercises,Core,0,,Championship Division,Championship Division,Team 1,5,36,Ridgehaven,1,,,,,#REF!,#REF!,#REF!,#REF!,#REF!,#REF!,#REF!,#REF!,#REF!,#REF!,#REF!,#REF!,,,,,,,,,,,
243,1,2021-05-20 19:30:00,Intermediates,3,2,Rod Exercises,Core,0,,Championship Division,Championship Division,Team 1,6,7,AVV Millennium,1,,,,,#REF!,#REF!,#REF!,#REF!,#REF!,#REF!,#REF!,#REF!,#REF!,#REF!,#REF!,#REF!,,,,,,,,,,,
244,1,2021-05-20 19:30:00,Intermediates,7,3,Rhythmic Interpretation,Fancy,0,,Championship Division,Championship Division,Team 1,1,9,Marden,1,Fire and Ice,,,,#REF!,#REF!,#REF!,#REF!,#REF!,#REF!,#REF!,#REF!,#REF!,#REF!,#REF!,#REF!,,,,,,,,,,,
245,1,2021-05-20 19:30:00,Intermediates,7,3,Rhythmic Interpretation,Fancy,0,,Championship Division,Championship Division,Team 1,2,8,Burnside,1,I'm Here,,,,#REF!,#REF!,#REF!,#REF!,#REF!,#REF!,#REF!,#REF!,#REF!,#REF!,#REF!,#REF!,,,,,,,,,,,
246,1,2021-05-20 19:30:00,Intermediates,7,3,Rhythmic Interpretation,Fancy,0,,Championship Division,Championship Division,Team 1,3,7,AVV Millennium,1,The Witch's Spell,,,,#REF!,#REF!,#REF!,#REF!,#REF!,#REF!,#REF!,#REF!,#REF!,#REF!,#REF!,#REF!,,,,,,,,,,,
247,1,2021-05-20 19:30:00,Intermediates,7,3,Rhythmic Interpretation,Fancy,0,,Championship Division,Championship Division,Team 1,4,36,Ridgehaven,1,Welcome to Agrabah,,,,#REF!,#REF!,#REF!,#REF!,#REF!,#REF!,#REF!,#REF!,#REF!,#REF!,#REF!,#REF!,,,,,,,,,,,
248,1,2021-05-20 19:30:00,Intermediates,7,3,Rhythmic Interpretation,Fancy,0,,Championship Division,Championship Division,Team 1,5,29,Jem,1,Pan,,,,#REF!,#REF!,#REF!,#REF!,#REF!,#REF!,#REF!,#REF!,#REF!,#REF!,#REF!,#REF!,,,,,,,,,,,
249,1,2021-05-20 19:30:00,Intermediates,7,3,Rhythmic Interpretation,Fancy,0,,Championship Division,Championship Division,Team 1,6,3,Innovation,1,Bird set free,,,,#REF!,#REF!,#REF!,#REF!,#REF!,#REF!,#REF!,#REF!,#REF!,#REF!,#REF!,#REF!,,,,,,,,,,,
250,1,2021-05-21 18:00:00,Sub Juniors,1,1,Figure March,Core,1,,Division 1,Division 1,Team 2 & 3,1,7,AVV Millennium,3,,,,,#REF!,#REF!,#REF!,#REF!,#REF!,#REF!,#REF!,#REF!,#REF!,#REF!,#REF!,#REF!,,,,,,,,,,,
251,1,2021-05-21 18:00:00,Sub Juniors,1,1,Figure March,Core,1,,Division 1,Division 1,Team 2 & 3,2,7,AVV Millennium,2,,,,,#REF!,#REF!,#REF!,#REF!,#REF!,#REF!,#REF!,#REF!,#REF!,#REF!,#REF!,#REF!,,,,,,,,,,,
252,1,2021-05-21 18:00:00,Sub Juniors,1,1,Figure March,Core,1,,Division 1,Division 1,Team 2 & 3,3,40,Del Sante Gardens,2,,,,,#REF!,#REF!,#REF!,#REF!,#REF!,#REF!,#REF!,#REF!,#REF!,#REF!,#REF!,#REF!,,,,,,,,,,,
253,1,2021-05-21 18:00:00,Sub Juniors,1,1,Figure March,Core,1,,Division 1,Division 1,Team 2 & 3,4,13,Brighton,2,,,,,#REF!,#REF!,#REF!,#REF!,#REF!,#REF!,#REF!,#REF!,#REF!,#REF!,#REF!,#REF!,,,,,,,,,,,
254,1,2021-05-21 18:00:00,Sub Juniors,3,2,Rod Exercises,Core,1,,Division 1,Division 1,Team 2 & 3,1,7,AVV Millennium,3,,,,,#REF!,#REF!,#REF!,#REF!,#REF!,#REF!,#REF!,#REF!,#REF!,#REF!,#REF!,#REF!,,,,,,,,,,,
255,1,2021-05-21 18:00:00,Sub Juniors,3,2,Rod Exercises,Core,1,,Division 1,Division 1,Team 2 & 3,2,7,AVV Millennium,2,,,,,#REF!,#REF!,#REF!,#REF!,#REF!,#REF!,#REF!,#REF!,#REF!,#REF!,#REF!,#REF!,,,,,,,,,,,
256,1,2021-05-21 18:00:00,Sub Juniors,3,2,Rod Exercises,Core,1,,Division 1,Division 1,Team 2 & 3,3,40,Del Sante Gardens,2,,,,,#REF!,#REF!,#REF!,#REF!,#REF!,#REF!,#REF!,#REF!,#REF!,#REF!,#REF!,#REF!,,,,,,,,,,,
257,1,2021-05-21 18:00:00,Sub Juniors,3,2,Rod Exercises,Core,1,,Division 1,Division 1,Team 2 & 3,4,13,Brighton,2,,,,,#REF!,#REF!,#REF!,#REF!,#REF!,#REF!,#REF!,#REF!,#REF!,#REF!,#REF!,#REF!,,,,,,,,,,,
258,1,2021-05-21 18:00:00,Sub Juniors,13,3,Song and Dance,Fancy,1,,Division 1,Division 1,Team 2 & 3,1,7,AVV Millennium,3,Build a Snowman,,,,#REF!,#REF!,#REF!,#REF!,#REF!,#REF!,#REF!,#REF!,#REF!,#REF!,#REF!,#REF!,,,,,,,,,,,
259,1,2021-05-21 18:00:00,Sub Juniors,13,3,Song and Dance,Fancy,1,,Division 1,Division 1,Team 2 & 3,2,7,AVV Millennium,2,All Mixed Up!,,,,#REF!,#REF!,#REF!,#REF!,#REF!,#REF!,#REF!,#REF!,#REF!,#REF!,#REF!,#REF!,,,,,,,,,,,
260,1,2021-05-21 18:00:00,Sub Juniors,13,3,Song and Dance,Fancy,1,,Division 1,Division 1,Team 2 & 3,3,13,Brighton,2,Barbie World,,,,#REF!,#REF!,#REF!,#REF!,#REF!,#REF!,#REF!,#REF!,#REF!,#REF!,#REF!,#REF!,,,,,,,,,,,
261,1,2021-05-21 19:30:00,Sub Juniors,1,1,Figure March,Core,1,,Division 1,Division 1,Team 1,1,35,Highbury,1,,,,,#REF!,#REF!,#REF!,#REF!,#REF!,#REF!,#REF!,#REF!,#REF!,#REF!,#REF!,#REF!,,,,,,,,,,,
262,1,2021-05-21 19:30:00,Sub Juniors,1,1,Figure March,Core,1,,Division 1,Division 1,Team 1,2,13,Brighton,1,,,,,#REF!,#REF!,#REF!,#REF!,#REF!,#REF!,#REF!,#REF!,#REF!,#REF!,#REF!,#REF!,,,,,,,,,,,
263,1,2021-05-21 19:30:00,Sub Juniors,1,1,Figure March,Core,1,,Division 1,Division 1,Team 1,3,29,Jem,1,,,,,#REF!,#REF!,#REF!,#REF!,#REF!,#REF!,#REF!,#REF!,#REF!,#REF!,#REF!,#REF!,,,,,,,,,,,
264,1,2021-05-21 19:30:00,Sub Juniors,1,1,Figure March,Core,1,,Division 1,Division 1,Team 1,4,41,Seaton,1,,,,,#REF!,#REF!,#REF!,#REF!,#REF!,#REF!,#REF!,#REF!,#REF!,#REF!,#REF!,#REF!,,,,,,,,,,,
265,1,2021-05-21 19:30:00,Sub Juniors,1,1,Figure March,Core,1,,Division 1,Division 1,Team 1,5,40,Del Sante Gardens,1,,,,,#REF!,#REF!,#REF!,#REF!,#REF!,#REF!,#REF!,#REF!,#REF!,#REF!,#REF!,#REF!,,,,,,,,,,,
266,1,2021-05-21 19:30:00,Sub Juniors,1,1,Figure March,Core,1,,Division 1,Division 1,Team 1,6,7,AVV Millennium,1,,,,,#REF!,#REF!,#REF!,#REF!,#REF!,#REF!,#REF!,#REF!,#REF!,#REF!,#REF!,#REF!,,,,,,,,,,,
267,1,2021-05-21 19:30:00,Sub Juniors,3,2,Rod Exercises,Core,1,,Division 1,Division 1,Team 1,1,29,Jem,1,,,,,#REF!,#REF!,#REF!,#REF!,#REF!,#REF!,#REF!,#REF!,#REF!,#REF!,#REF!,#REF!,,,,,,,,,,,
268,1,2021-05-21 19:30:00,Sub Juniors,3,2,Rod Exercises,Core,1,,Division 1,Division 1,Team 1,2,13,Brighton,1,,,,,#REF!,#REF!,#REF!,#REF!,#REF!,#REF!,#REF!,#REF!,#REF!,#REF!,#REF!,#REF!,,,,,,,,,,,
269,1,2021-05-21 19:30:00,Sub Juniors,3,2,Rod Exercises,Core,1,,Division 1,Division 1,Team 1,3,40,Del Sante Gardens,1,,,,,#REF!,#REF!,#REF!,#REF!,#REF!,#REF!,#REF!,#REF!,#REF!,#REF!,#REF!,#REF!,,,,,,,,,,,
270,1,2021-05-21 19:30:00,Sub Juniors,3,2,Rod Exercises,Core,1,,Division 1,Division 1,Team 1,4,7,AVV Millennium,1,,,,,#REF!,#REF!,#REF!,#REF!,#REF!,#REF!,#REF!,#REF!,#REF!,#REF!,#REF!,#REF!,,,,,,,,,,,
271,1,2021-05-21 19:30:00,Sub Juniors,3,2,Rod Exercises,Core,1,,Division 1,Division 1,Team 1,5,35,Highbury,1,,,,,#REF!,#REF!,#REF!,#REF!,#REF!,#REF!,#REF!,#REF!,#REF!,#REF!,#REF!,#REF!,,,,,,,,,,,
272,1,2021-05-21 19:30:00,Sub Juniors,3,2,Rod Exercises,Core,1,,Division 1,Division 1,Team 1,6,41,Seaton,1,,,,,#REF!,#REF!,#REF!,#REF!,#REF!,#REF!,#REF!,#REF!,#REF!,#REF!,#REF!,#REF!,,,,,,,,,,,
273,1,2021-05-21 19:30:00,Sub Juniors,13,3,Song and Dance,Fancy,1,,Division 1,Division 1,Team 1,1,7,AVV Millennium,1,When in Hollywood,,,,#REF!,#REF!,#REF!,#REF!,#REF!,#REF!,#REF!,#REF!,#REF!,#REF!,#REF!,#REF!,,,,,,,,,,,
274,1,2021-05-21 19:30:00,Sub Juniors,13,3,Song and Dance,Fancy,1,,Division 1,Division 1,Team 1,2,35,Highbury,1,Out of the Toybox,,,,#REF!,#REF!,#REF!,#REF!,#REF!,#REF!,#REF!,#REF!,#REF!,#REF!,#REF!,#REF!,,,,,,,,,,,
275,1,2021-05-21 19:30:00,Sub Juniors,13,3,Song and Dance,Fancy,1,,Division 1,Division 1,Team 1,3,13,Brighton,1,,,,,#REF!,#REF!,#REF!,#REF!,#REF!,#REF!,#REF!,#REF!,#REF!,#REF!,#REF!,#REF!,,,,,,,,,,,
276,1,2021-05-21 19:30:00,Sub Juniors,13,3,Song and Dance,Fancy,1,,Division 1,Division 1,Team 1,4,40,Del Sante Gardens,1,Isn't she cute,,,,#REF!,#REF!,#REF!,#REF!,#REF!,#REF!,#REF!,#REF!,#REF!,#REF!,#REF!,#REF!,,,,,,,,,,,
277,1,2021-05-21 19:30:00,Sub Juniors,13,3,Song and Dance,Fancy,1,,Division 1,Division 1,Team 1,5,29,Jem,1,Sing Away your Blues,,,,#REF!,#REF!,#REF!,#REF!,#REF!,#REF!,#REF!,#REF!,#REF!,#REF!,#REF!,#REF!,,,,,,,,,,,
278,1,2021-05-21 19:30:00,Sub Juniors,13,3,Song and Dance,Fancy,1,,Division 1,Division 1,Team 1,6,41,Seaton,1,Chitty Chitty,,,,#REF!,#REF!,#REF!,#REF!,#REF!,#REF!,#REF!,#REF!,#REF!,#REF!,#REF!,#REF!,,,,,,,,,,,
279,1,2021-05-24 18:00:00,Juniors,4,1,Club Swinging,Core,5,4,Division 5,Division 4 & 5,,1,25,Carisbrook,1,,,,,#REF!,#REF!,#REF!,#REF!,#REF!,#REF!,#REF!,#REF!,#REF!,#REF!,#REF!,#REF!,,,,,,,,,,,
280,1,2021-05-24 18:00:00,Juniors,4,1,Club Swinging,Core,5,4,Division 5,Division 4 & 5,,2,39,Cherum,1,,,,,#REF!,#REF!,#REF!,#REF!,#REF!,#REF!,#REF!,#REF!,#REF!,#REF!,#REF!,#REF!,,,,,,,,,,,
281,1,2021-05-24 18:00:00,Juniors,4,1,Club Swinging,Core,4,5,Division 4,Division 4 & 5,,3,32,Payton,1,,,,,#REF!,#REF!,#REF!,#REF!,#REF!,#REF!,#REF!,#REF!,#REF!,#REF!,#REF!,#REF!,,,,,,,,,,,
282,1,2021-05-24 18:00:00,Juniors,4,1,Club Swinging,Core,4,5,Division 4,Division 4 & 5,,4,26,Elizabeth Eastside,1,,,,,#REF!,#REF!,#REF!,#REF!,#REF!,#REF!,#REF!,#REF!,#REF!,#REF!,#REF!,#REF!,,,,,,,,,,,
283,1,2021-05-24 18:00:00,Juniors,4,1,Club Swinging,Core,4,5,Division 4,Division 4 & 5,,5,21,Pt Augusta,1,,,,,#REF!,#REF!,#REF!,#REF!,#REF!,#REF!,#REF!,#REF!,#REF!,#REF!,#REF!,#REF!,,,,,,,,,,,
284,1,2021-05-24 18:00:00,Juniors,4,1,Club Swinging,Core,4,5,Division 4,Division 4 & 5,,6,16,Largs North,1,,,,,#REF!,#REF!,#REF!,#REF!,#REF!,#REF!,#REF!,#REF!,#REF!,#REF!,#REF!,#REF!,,,,,,,,,,,
285,1,2021-05-24 18:00:00,Juniors,2,2,Free Exercises,Core,5,4,Division 5,Division 4 & 5,,1,25,Carisbrook,1,,,,,#REF!,#REF!,#REF!,#REF!,#REF!,#REF!,#REF!,#REF!,#REF!,#REF!,#REF!,#REF!,,,,,,,,,,,
286,1,2021-05-24 18:00:00,Juniors,2,2,Free Exercises,Core,5,4,Division 5,Division 4 & 5,,2,39,Cherum,1,,,,,#REF!,#REF!,#REF!,#REF!,#REF!,#REF!,#REF!,#REF!,#REF!,#REF!,#REF!,#REF!,,,,,,,,,,,
287,1,2021-05-24 18:00:00,Juniors,2,2,Free Exercises,Core,4,5,Division 4,Division 4 & 5,,3,26,Elizabeth Eastside,1,,,,,#REF!,#REF!,#REF!,#REF!,#REF!,#REF!,#REF!,#REF!,#REF!,#REF!,#REF!,#REF!,,,,,,,,,,,
288,1,2021-05-24 18:00:00,Juniors,2,2,Free Exercises,Core,4,5,Division 4,Division 4 & 5,,4,16,Largs North,1,,,,,#REF!,#REF!,#REF!,#REF!,#REF!,#REF!,#REF!,#REF!,#REF!,#REF!,#REF!,#REF!,,,,,,,,,,,
289,1,2021-05-24 18:00:00,Juniors,2,2,Free Exercises,Core,4,5,Division 4,Division 4 & 5,,5,21,Pt Augusta,1,,,,,#REF!,#REF!,#REF!,#REF!,#REF!,#REF!,#REF!,#REF!,#REF!,#REF!,#REF!,#REF!,,,,,,,,,,,
290,1,2021-05-24 18:00:00,Juniors,2,2,Free Exercises,Core,4,5,Division 4,Division 4 & 5,,6,32,Payton,1,,,,,#REF!,#REF!,#REF!,#REF!,#REF!,#REF!,#REF!,#REF!,#REF!,#REF!,#REF!,#REF!,,,,,,,,,,,
291,1,2021-05-24 18:00:00,Juniors,8,3,Dance Arrangement,Fancy,5,4,Division 5,Division 4 & 5,,1,39,Cherum,1,Meet the Muppets,,,,#REF!,#REF!,#REF!,#REF!,#REF!,#REF!,#REF!,#REF!,#REF!,#REF!,#REF!,#REF!,,,,,,,,,,,
292,1,2021-05-24 18:00:00,Juniors,8,3,Dance Arrangement,Fancy,5,4,Division 5,Division 4 & 5,,2,25,Carisbrook,1,Hairspray!,,,,#REF!,#REF!,#REF!,#REF!,#REF!,#REF!,#REF!,#REF!,#REF!,#REF!,#REF!,#REF!,,,,,,,,,,,
293,1,2021-05-24 18:00:00,Juniors,8,3,Dance Arrangement,Fancy,4,5,Division 4,Division 4 & 5,,3,16,Largs North,1,Austin Powers,,,,#REF!,#REF!,#REF!,#REF!,#REF!,#REF!,#REF!,#REF!,#REF!,#REF!,#REF!,#REF!,,,,,,,,,,,
294,1,2021-05-24 18:00:00,Juniors,8,3,Dance Arrangement,Fancy,4,5,Division 4,Division 4 & 5,,4,32,Payton,1,Newsies,,,,#REF!,#REF!,#REF!,#REF!,#REF!,#REF!,#REF!,#REF!,#REF!,#REF!,#REF!,#REF!,,,,,,,,,,,
295,1,2021-05-24 18:00:00,Juniors,8,3,Dance Arrangement,Fancy,4,5,Division 4,Division 4 & 5,,5,26,Elizabeth Eastside,1,Matilda,,,,#REF!,#REF!,#REF!,#REF!,#REF!,#REF!,#REF!,#REF!,#REF!,#REF!,#REF!,#REF!,,,,,,,,,,,
296,1,2021-05-24 18:00:00,Juniors,8,3,Dance Arrangement,Fancy,4,5,Division 4,Division 4 & 5,,6,21,Pt Augusta,1,Welcome to Wonderland,,,,#REF!,#REF!,#REF!,#REF!,#REF!,#REF!,#REF!,#REF!,#REF!,#REF!,#REF!,#REF!,,,,,,,,,,,
297,1,2021-05-24 19:30:00,Seniors,1,1,Figure March,Core,2,,Division 2,Division 2,,1,28,Golden Heights,1,,,,,#REF!,#REF!,#REF!,#REF!,#REF!,#REF!,#REF!,#REF!,#REF!,#REF!,#REF!,#REF!,,,,,,,,,,,
298,1,2021-05-24 19:30:00,Seniors,1,1,Figure March,Core,2,,Division 2,Division 2,,2,27,Gleneliz,1,,,,,#REF!,#REF!,#REF!,#REF!,#REF!,#REF!,#REF!,#REF!,#REF!,#REF!,#REF!,#REF!,,,,,,,,,,,
299,1,2021-05-24 19:30:00,Seniors,1,1,Figure March,Core,2,,Division 2,Division 2,,3,16,Largs North,1,,,,,#REF!,#REF!,#REF!,#REF!,#REF!,#REF!,#REF!,#REF!,#REF!,#REF!,#REF!,#REF!,,,,,,,,,,,
300,1,2021-05-24 19:30:00,Seniors,1,1,Figure March,Core,2,,Division 2,Division 2,,4,42,Seaview,1,,,,,#REF!,#REF!,#REF!,#REF!,#REF!,#REF!,#REF!,#REF!,#REF!,#REF!,#REF!,#REF!,,,,,,,,,,,
301,1,2021-05-24 19:30:00,Seniors,1,1,Figure March,Core,2,,Division 2,Division 2,,5,15,Seacliff,1,,,,,#REF!,#REF!,#REF!,#REF!,#REF!,#REF!,#REF!,#REF!,#REF!,#REF!,#REF!,#REF!,,,,,,,,,,,
302,1,2021-05-24 19:30:00,Seniors,1,1,Figure March,Core,2,,Division 2,Division 2,,6,37,Windsor,1,,,,,#REF!,#REF!,#REF!,#REF!,#REF!,#REF!,#REF!,#REF!,#REF!,#REF!,#REF!,#REF!,,,,,,,,,,,
303,1,2021-05-24 19:30:00,Seniors,4,2,Club Swinging,Core,2,,Division 2,Division 2,,1,42,Seaview,1,,,,,#REF!,#REF!,#REF!,#REF!,#REF!,#REF!,#REF!,#REF!,#REF!,#REF!,#REF!,#REF!,,,,,,,,,,,
304,1,2021-05-24 19:30:00,Seniors,4,2,Club Swinging,Core,2,,Division 2,Division 2,,2,16,Largs North,1,,,,,#REF!,#REF!,#REF!,#REF!,#REF!,#REF!,#REF!,#REF!,#REF!,#REF!,#REF!,#REF!,,,,,,,,,,,
305,1,2021-05-24 19:30:00,Seniors,4,2,Club Swinging,Core,2,,Division 2,Division 2,,3,27,Gleneliz,1,,,,,#REF!,#REF!,#REF!,#REF!,#REF!,#REF!,#REF!,#REF!,#REF!,#REF!,#REF!,#REF!,,,,,,,,,,,
306,1,2021-05-24 19:30:00,Seniors,4,2,Club Swinging,Core,2,,Division 2,Division 2,,4,28,Golden Heights,1,,,,,#REF!,#REF!,#REF!,#REF!,#REF!,#REF!,#REF!,#REF!,#REF!,#REF!,#REF!,#REF!,,,,,,,,,,,
307,1,2021-05-24 19:30:00,Seniors,4,2,Club Swinging,Core,2,,Division 2,Division 2,,5,37,Windsor,1,,,,,#REF!,#REF!,#REF!,#REF!,#REF!,#REF!,#REF!,#REF!,#REF!,#REF!,#REF!,#REF!,,,,,,,,,,,
308,1,2021-05-24 19:30:00,Seniors,4,2,Club Swinging,Core,2,,Division 2,Division 2,,6,15,Seacliff,1,,,,,#REF!,#REF!,#REF!,#REF!,#REF!,#REF!,#REF!,#REF!,#REF!,#REF!,#REF!,#REF!,,,,,,,,,,,
309,1,2021-05-24 19:30:00,Seniors,6,3,Rhythmical Aesthetic,Fancy,2,,Division 2,Division 2,,1,16,Largs North,1,"""Never Enough""",,,,#REF!,#REF!,#REF!,#REF!,#REF!,#REF!,#REF!,#REF!,#REF!,#REF!,#REF!,#REF!,,,,,,,,,,,
310,1,2021-05-24 19:30:00,Seniors,6,3,Rhythmical Aesthetic,Fancy,2,,Division 2,Division 2,,2,42,Seaview,1,I want 2 B a Dancer,,,,#REF!,#REF!,#REF!,#REF!,#REF!,#REF!,#REF!,#REF!,#REF!,#REF!,#REF!,#REF!,,,,,,,,,,,
311,1,2021-05-24 19:30:00,Seniors,6,3,Rhythmical Aesthetic,Fancy,2,,Division 2,Division 2,,3,28,Golden Heights,1,Touch the Gold,,,,#REF!,#REF!,#REF!,#REF!,#REF!,#REF!,#REF!,#REF!,#REF!,#REF!,#REF!,#REF!,,,,,,,,,,,
312,1,2021-05-24 19:30:00,Seniors,6,3,Rhythmical Aesthetic,Fancy,2,,Division 2,Division 2,,4,27,Gleneliz,1,Clown,,,,#REF!,#REF!,#REF!,#REF!,#REF!,#REF!,#REF!,#REF!,#REF!,#REF!,#REF!,#REF!,,,,,,,,,,,
313,1,2021-05-24 19:30:00,Seniors,6,3,Rhythmical Aesthetic,Fancy,2,,Division 2,Division 2,,5,37,Windsor,1,Clown,,,,#REF!,#REF!,#REF!,#REF!,#REF!,#REF!,#REF!,#REF!,#REF!,#REF!,#REF!,#REF!,,,,,,,,,,,
314,1,2021-05-24 19:30:00,Seniors,6,3,Rhythmical Aesthetic,Fancy,2,,Division 2,Division 2,,6,15,Seacliff,1,Yesterday,,,,#REF!,#REF!,#REF!,#REF!,#REF!,#REF!,#REF!,#REF!,#REF!,#REF!,#REF!,#REF!,,,,,,,,,,,
315,1,2021-05-25 18:00:00,Juniors,4,1,Club Swinging,Core,0,,Championship Division,Championship Division,Team 3 & 4,1,14,Plympton Halifax,4,,Yes,,,#REF!,#REF!,#REF!,#REF!,#REF!,#REF!,#REF!,#REF!,#REF!,#REF!,#REF!,#REF!,,,,,,,,,,,
316,1,2021-05-25 18:00:00,Juniors,4,1,Club Swinging,Core,0,,Championship Division,Championship Division,Team 3 & 4,2,3,Innovation,3,,,,,#REF!,#REF!,#REF!,#REF!,#REF!,#REF!,#REF!,#REF!,#REF!,#REF!,#REF!,#REF!,,,,,,,,,,,
317,1,2021-05-25 18:00:00,Juniors,4,1,Club Swinging,Core,0,,Championship Division,Championship Division,Team 3 & 4,3,14,Plympton Halifax,3,,,,,#REF!,#REF!,#REF!,#REF!,#REF!,#REF!,#REF!,#REF!,#REF!,#REF!,#REF!,#REF!,,,,,,,,,,,
318,1,2021-05-25 18:00:00,Juniors,4,1,Club Swinging,Core,0,,Championship Division,Championship Division,Team 3 & 4,4,9,Marden,3,,,,,#REF!,#REF!,#REF!,#REF!,#REF!,#REF!,#REF!,#REF!,#REF!,#REF!,#REF!,#REF!,,,,,,,,,,,
319,1,2021-05-25 18:00:00,Juniors,2,2,Free Exercises,Core,0,,Championship Division,Championship Division,Team 3 & 4,1,3,Innovation,3,,,,,#REF!,#REF!,#REF!,#REF!,#REF!,#REF!,#REF!,#REF!,#REF!,#REF!,#REF!,#REF!,,,,,,,,,,,
320,1,2021-05-25 18:00:00,Juniors,2,2,Free Exercises,Core,0,,Championship Division,Championship Division,Team 3 & 4,2,14,Plympton Halifax,3,,Yes,,,#REF!,#REF!,#REF!,#REF!,#REF!,#REF!,#REF!,#REF!,#REF!,#REF!,#REF!,#REF!,,,,,,,,,,,
321,1,2021-05-25 18:00:00,Juniors,2,2,Free Exercises,Core,0,,Championship Division,Championship Division,Team 3 & 4,3,9,Marden,3,,,,,#REF!,#REF!,#REF!,#REF!,#REF!,#REF!,#REF!,#REF!,#REF!,#REF!,#REF!,#REF!,,,,,,,,,,,
322,1,2021-05-25 18:00:00,Juniors,8,3,Dance Arrangement,Fancy,0,,Championship Division,Championship Division,Team 3 & 4,1,14,Plympton Halifax,3,Hard knock life,Yes,,,#REF!,#REF!,#REF!,#REF!,#REF!,#REF!,#REF!,#REF!,#REF!,#REF!,#REF!,#REF!,,,,,,,,,,,
323,1,2021-05-25 18:00:00,Juniors,8,3,Dance Arrangement,Fancy,0,,Championship Division,Championship Division,Team 3 & 4,2,3,Innovation,3,Christmas Story,,,,#REF!,#REF!,#REF!,#REF!,#REF!,#REF!,#REF!,#REF!,#REF!,#REF!,#REF!,#REF!,,,,,,,,,,,
324,1,2021-05-25 19:30:00,Seniors,1,1,Figure March,Core,1,,Division 1,Division 1,,1,14,Plympton Halifax,1,,,,,#REF!,#REF!,#REF!,#REF!,#REF!,#REF!,#REF!,#REF!,#REF!,#REF!,#REF!,#REF!,,,,,,,,,,,
325,1,2021-05-25 19:30:00,Seniors,1,1,Figure March,Core,1,,Division 1,Division 1,,2,36,Ridgehaven,1,,,,,#REF!,#REF!,#REF!,#REF!,#REF!,#REF!,#REF!,#REF!,#REF!,#REF!,#REF!,#REF!,,,,,,,,,,,
326,1,2021-05-25 19:30:00,Seniors,1,1,Figure March,Core,1,,Division 1,Division 1,,3,13,Brighton,1,,,,,#REF!,#REF!,#REF!,#REF!,#REF!,#REF!,#REF!,#REF!,#REF!,#REF!,#REF!,#REF!,,,,,,,,,,,
327,1,2021-05-25 19:30:00,Seniors,1,1,Figure March,Core,1,,Division 1,Division 1,,4,35,Highbury,1,,,,,#REF!,#REF!,#REF!,#REF!,#REF!,#REF!,#REF!,#REF!,#REF!,#REF!,#REF!,#REF!,,,,,,,,,,,
328,1,2021-05-25 19:30:00,Seniors,1,1,Figure March,Core,1,,Division 1,Division 1,,5,12,Reynella Braeview,1,,,,,#REF!,#REF!,#REF!,#REF!,#REF!,#REF!,#REF!,#REF!,#REF!,#REF!,#REF!,#REF!,,,,,,,,,,,
329,1,2021-05-25 19:30:00,Seniors,1,1,Figure March,Core,1,,Division 1,Division 1,,6,41,Seaton,1,,,,,#REF!,#REF!,#REF!,#REF!,#REF!,#REF!,#REF!,#REF!,#REF!,#REF!,#REF!,#REF!,,,,,,,,,,,
330,1,2021-05-25 19:30:00,Seniors,4,2,Club Swinging,Core,1,,Division 1,Division 1,Team 1 & 2,1,13,Brighton,2,,,,,#REF!,#REF!,#REF!,#REF!,#REF!,#REF!,#REF!,#REF!,#REF!,#REF!,#REF!,#REF!,,,,,,,,,,,
331,1,2021-05-25 19:30:00,Seniors,4,2,Club Swinging,Core,1,,Division 1,Division 1,Team 1 & 2,2,36,Ridgehaven,2,,,,,#REF!,#REF!,#REF!,#REF!,#REF!,#REF!,#REF!,#REF!,#REF!,#REF!,#REF!,#REF!,,,,,,,,,,,
332,1,2021-05-25 19:30:00,Seniors,4,2,Club Swinging,Core,1,,Division 1,Division 1,Team 1 & 2,3,13,Brighton,1,,,,,#REF!,#REF!,#REF!,#REF!,#REF!,#REF!,#REF!,#REF!,#REF!,#REF!,#REF!,#REF!,,,,,,,,,,,
333,1,2021-05-25 19:30:00,Seniors,4,2,Club Swinging,Core,1,,Division 1,Division 1,Team 1 & 2,4,36,Ridgehaven,1,,,,,#REF!,#REF!,#REF!,#REF!,#REF!,#REF!,#REF!,#REF!,#REF!,#REF!,#REF!,#REF!,,,,,,,,,,,
334,1,2021-05-25 19:30:00,Seniors,4,2,Club Swinging,Core,1,,Division 1,Division 1,Team 1 & 2,5,14,Plympton Halifax,1,,,,,#REF!,#REF!,#REF!,#REF!,#REF!,#REF!,#REF!,#REF!,#REF!,#REF!,#REF!,#REF!,,,,,,,,,,,
335,1,2021-05-25 19:30:00,Seniors,4,2,Club Swinging,Core,1,,Division 1,Division 1,Team 1 & 2,6,12,Reynella Braeview,1,,,,,#REF!,#REF!,#REF!,#REF!,#REF!,#REF!,#REF!,#REF!,#REF!,#REF!,#REF!,#REF!,,,,,,,,,,,
336,1,2021-05-25 19:30:00,Seniors,4,2,Club Swinging,Core,1,,Division 1,Division 1,Team 1 & 2,7,35,Highbury,1,,,,,#REF!,#REF!,#REF!,#REF!,#REF!,#REF!,#REF!,#REF!,#REF!,#REF!,#REF!,#REF!,,,,,,,,,,,
337,1,2021-05-25 19:30:00,Seniors,4,2,Club Swinging,Core,1,,Division 1,Division 1,Team 1 & 2,8,41,Seaton,1,,,,,#REF!,#REF!,#REF!,#REF!,#REF!,#REF!,#REF!,#REF!,#REF!,#REF!,#REF!,#REF!,,,,,,,,,,,
338,1,2021-05-25 19:30:00,Seniors,6,3,Rhythmical Aesthetic,Fancy,1,,Division 1,Division 1,,1,12,Reynella Braeview,1,Pretty Hurts,,,,#REF!,#REF!,#REF!,#REF!,#REF!,#REF!,#REF!,#REF!,#REF!,#REF!,#REF!,#REF!,,,,,,,,,,,
339,1,2021-05-25 19:30:00,Seniors,6,3,Rhythmical Aesthetic,Fancy,1,,Division 1,Division 1,,2,36,Ridgehaven,1,LOVE,,,,#REF!,#REF!,#REF!,#REF!,#REF!,#REF!,#REF!,#REF!,#REF!,#REF!,#REF!,#REF!,,,,,,,,,,,
340,1,2021-05-25 19:30:00,Seniors,6,3,Rhythmical Aesthetic,Fancy,1,,Division 1,Division 1,,3,14,Plympton Halifax,1,Funny Honey,,,,#REF!,#REF!,#REF!,#REF!,#REF!,#REF!,#REF!,#REF!,#REF!,#REF!,#REF!,#REF!,,,,,,,,,,,
341,1,2021-05-25 19:30:00,Seniors,6,3,Rhythmical Aesthetic,Fancy,1,,Division 1,Division 1,,4,35,Highbury,1,Arabian Nights,,,,#REF!,#REF!,#REF!,#REF!,#REF!,#REF!,#REF!,#REF!,#REF!,#REF!,#REF!,#REF!,,,,,,,,,,,
342,1,2021-05-25 19:30:00,Seniors,6,3,Rhythmical Aesthetic,Fancy,1,,Division 1,Division 1,,5,13,Brighton,1,,,,,#REF!,#REF!,#REF!,#REF!,#REF!,#REF!,#REF!,#REF!,#REF!,#REF!,#REF!,#REF!,,,,,,,,,,,
343,1,2021-05-25 19:30:00,Seniors,6,3,Rhythmical Aesthetic,Fancy,1,,Division 1,Division 1,,6,41,Seaton,1,Somewhere Only We Know,,,,#REF!,#REF!,#REF!,#REF!,#REF!,#REF!,#REF!,#REF!,#REF!,#REF!,#REF!,#REF!,,,,,,,,,,,
344,1,2021-05-26 18:00:00,Juniors,4,1,Club Swinging,Core,2,,Division 2,Division 2,Team 1 & 2,1,15,Seacliff,2,,,,,#REF!,#REF!,#REF!,#REF!,#REF!,#REF!,#REF!,#REF!,#REF!,#REF!,#REF!,#REF!,,,,,,,,,,,
345,1,2021-05-26 18:00:00,Juniors,4,1,Club Swinging,Core,2,,Division 2,Division 2,Team 1 & 2,2,37,Windsor,1,,,,,#REF!,#REF!,#REF!,#REF!,#REF!,#REF!,#REF!,#REF!,#REF!,#REF!,#REF!,#REF!,,,,,,,,,,,
346,1,2021-05-26 18:00:00,Juniors,4,1,Club Swinging,Core,2,,Division 2,Division 2,Team 1 & 2,3,41,Seaton,1,,,,,#REF!,#REF!,#REF!,#REF!,#REF!,#REF!,#REF!,#REF!,#REF!,#REF!,#REF!,#REF!,,,,,,,,,,,
347,1,2021-05-26 18:00:00,Juniors,4,1,Club Swinging,Core,2,,Division 2,Division 2,Team 1 & 2,4,11,Happy Valley,1,,,,,#REF!,#REF!,#REF!,#REF!,#REF!,#REF!,#REF!,#REF!,#REF!,#REF!,#REF!,#REF!,,,,,,,,,,,
348,1,2021-05-26 18:00:00,Juniors,4,1,Club Swinging,Core,2,,Division 2,Division 2,Team 1 & 2,5,2,Acacia,1,,,,,#REF!,#REF!,#REF!,#REF!,#REF!,#REF!,#REF!,#REF!,#REF!,#REF!,#REF!,#REF!,,,,,,,,,,,
349,1,2021-05-26 18:00:00,Juniors,4,1,Club Swinging,Core,2,,Division 2,Division 2,Team 1 & 2,6,27,Gleneliz,1,,,,,#REF!,#REF!,#REF!,#REF!,#REF!,#REF!,#REF!,#REF!,#REF!,#REF!,#REF!,#REF!,,,,,,,,,,,
350,1,2021-05-26 18:00:00,Juniors,4,1,Club Swinging,Core,2,,Division 2,Division 2,Team 1 & 2,7,15,Seacliff,1,,,,,#REF!,#REF!,#REF!,#REF!,#REF!,#REF!,#REF!,#REF!,#REF!,#REF!,#REF!,#REF!,,,,,,,,,,,
351,1,2021-05-26 18:00:00,Juniors,2,2,Free Exercises,Core,2,,Division 2,Division 2,Team 1 & 2,1,15,Seacliff,2,,,,,#REF!,#REF!,#REF!,#REF!,#REF!,#REF!,#REF!,#REF!,#REF!,#REF!,#REF!,#REF!,,,,,,,,,,,
352,1,2021-05-26 18:00:00,Juniors,2,2,Free Exercises,Core,2,,Division 2,Division 2,Team 1 & 2,2,37,Windsor,1,,,,,#REF!,#REF!,#REF!,#REF!,#REF!,#REF!,#REF!,#REF!,#REF!,#REF!,#REF!,#REF!,,,,,,,,,,,
353,1,2021-05-26 18:00:00,Juniors,2,2,Free Exercises,Core,2,,Division 2,Division 2,Team 1 & 2,3,11,Happy Valley,1,,,,,#REF!,#REF!,#REF!,#REF!,#REF!,#REF!,#REF!,#REF!,#REF!,#REF!,#REF!,#REF!,,,,,,,,,,,
354,1,2021-05-26 18:00:00,Juniors,2,2,Free Exercises,Core,2,,Division 2,Division 2,Team 1 & 2,4,15,Seacliff,1,,,,,#REF!,#REF!,#REF!,#REF!,#REF!,#REF!,#REF!,#REF!,#REF!,#REF!,#REF!,#REF!,,,,,,,,,,,
355,1,2021-05-26 18:00:00,Juniors,2,2,Free Exercises,Core,2,,Division 2,Division 2,Team 1 & 2,5,41,Seaton,1,,,,,#REF!,#REF!,#REF!,#REF!,#REF!,#REF!,#REF!,#REF!,#REF!,#REF!,#REF!,#REF!,,,,,,,,,,,
356,1,2021-05-26 18:00:00,Juniors,2,2,Free Exercises,Core,2,,Division 2,Division 2,Team 1 & 2,6,27,Gleneliz,1,,,,,#REF!,#REF!,#REF!,#REF!,#REF!,#REF!,#REF!,#REF!,#REF!,#REF!,#REF!,#REF!,,,,,,,,,,,
357,1,2021-05-26 18:00:00,Juniors,2,2,Free Exercises,Core,2,,Division 2,Division 2,Team 1 & 2,7,2,Acacia,1,,,,,#REF!,#REF!,#REF!,#REF!,#REF!,#REF!,#REF!,#REF!,#REF!,#REF!,#REF!,#REF!,,,,,,,,,,,
358,1,2021-05-26 18:00:00,Juniors,8,3,Dance Arrangement,Fancy,2,,Division 2,Division 2,Team 1 & 2,1,15,Seacliff,2,Dance,,,,#REF!,#REF!,#REF!,#REF!,#REF!,#REF!,#REF!,#REF!,#REF!,#REF!,#REF!,#REF!,,,,,,,,,,,
359,1,2021-05-26 18:00:00,Juniors,8,3,Dance Arrangement,Fancy,2,,Division 2,Division 2,Team 1 & 2,2,27,Gleneliz,1,Magic Man G,,,,#REF!,#REF!,#REF!,#REF!,#REF!,#REF!,#REF!,#REF!,#REF!,#REF!,#REF!,#REF!,,,,,,,,,,,
360,1,2021-05-26 18:00:00,Juniors,8,3,Dance Arrangement,Fancy,2,,Division 2,Division 2,Team 1 & 2,3,37,Windsor,1,Hair Up,,,,#REF!,#REF!,#REF!,#REF!,#REF!,#REF!,#REF!,#REF!,#REF!,#REF!,#REF!,#REF!,,,,,,,,,,,
361,1,2021-05-26 18:00:00,Juniors,8,3,Dance Arrangement,Fancy,2,,Division 2,Division 2,Team 1 & 2,4,15,Seacliff,1,Let's Dance,,,,#REF!,#REF!,#REF!,#REF!,#REF!,#REF!,#REF!,#REF!,#REF!,#REF!,#REF!,#REF!,,,,,,,,,,,
362,1,2021-05-26 18:00:00,Juniors,8,3,Dance Arrangement,Fancy,2,,Division 2,Division 2,Team 1 & 2,5,11,Happy Valley,1,Aladdin,,,,#REF!,#REF!,#REF!,#REF!,#REF!,#REF!,#REF!,#REF!,#REF!,#REF!,#REF!,#REF!,,,,,,,,,,,
363,1,2021-05-26 18:00:00,Juniors,8,3,Dance Arrangement,Fancy,2,,Division 2,Division 2,Team 1 & 2,6,2,Acacia,1,Which Bathin Suit?,,,,#REF!,#REF!,#REF!,#REF!,#REF!,#REF!,#REF!,#REF!,#REF!,#REF!,#REF!,#REF!,,,,,,,,,,,
364,1,2021-05-26 18:00:00,Juniors,8,3,Dance Arrangement,Fancy,2,,Division 2,Division 2,Team 1 & 2,7,41,Seaton,1,Little Shop of Horror,,,,#REF!,#REF!,#REF!,#REF!,#REF!,#REF!,#REF!,#REF!,#REF!,#REF!,#REF!,#REF!,,,,,,,,,,,
365,1,2021-05-27 18:00:00,Juniors,4,1,Club Swinging,Core,3,,Division 3,Division 3,,1,24,Whydale,1,,,,,#REF!,#REF!,#REF!,#REF!,#REF!,#REF!,#REF!,#REF!,#REF!,#REF!,#REF!,#REF!,,,,,,,,,,,
366,1,2021-05-27 18:00:00,Juniors,4,1,Club Swinging,Core,3,,Division 3,Division 3,,2,38,Seaford,1,,,,,#REF!,#REF!,#REF!,#REF!,#REF!,#REF!,#REF!,#REF!,#REF!,#REF!,#REF!,#REF!,,,,,,,,,,,
367,1,2021-05-27 18:00:00,Juniors,4,1,Club Swinging,Core,3,,Division 3,Division 3,,3,31,Para Vista,1,,,,,#REF!,#REF!,#REF!,#REF!,#REF!,#REF!,#REF!,#REF!,#REF!,#REF!,#REF!,#REF!,,,,,,,,,,,
368,1,2021-05-27 18:00:00,Juniors,4,1,Club Swinging,Core,3,,Division 3,Division 3,,4,34,Aurora,1,,,,,#REF!,#REF!,#REF!,#REF!,#REF!,#REF!,#REF!,#REF!,#REF!,#REF!,#REF!,#REF!,,,,,,,,,,,
369,1,2021-05-27 18:00:00,Juniors,4,1,Club Swinging,Core,3,,Division 3,Division 3,,5,28,Golden Heights,1,,,,,#REF!,#REF!,#REF!,#REF!,#REF!,#REF!,#REF!,#REF!,#REF!,#REF!,#REF!,#REF!,,,,,,,,,,,
370,1,2021-05-27 18:00:00,Juniors,2,2,Free Exercises,Core,3,,Division 3,Division 3,,1,24,Whydale,1,,,,,#REF!,#REF!,#REF!,#REF!,#REF!,#REF!,#REF!,#REF!,#REF!,#REF!,#REF!,#REF!,,,,,,,,,,,
371,1,2021-05-27 18:00:00,Juniors,2,2,Free Exercises,Core,3,,Division 3,Division 3,,2,34,Aurora,1,,,,,#REF!,#REF!,#REF!,#REF!,#REF!,#REF!,#REF!,#REF!,#REF!,#REF!,#REF!,#REF!,,,,,,,,,,,
372,1,2021-05-27 18:00:00,Juniors,2,2,Free Exercises,Core,3,,Division 3,Division 3,,3,28,Golden Heights,1,,,,,#REF!,#REF!,#REF!,#REF!,#REF!,#REF!,#REF!,#REF!,#REF!,#REF!,#REF!,#REF!,,,,,,,,,,,
373,1,2021-05-27 18:00:00,Juniors,2,2,Free Exercises,Core,3,,Division 3,Division 3,,4,31,Para Vista,1,,,,,#REF!,#REF!,#REF!,#REF!,#REF!,#REF!,#REF!,#REF!,#REF!,#REF!,#REF!,#REF!,,,,,,,,,,,
374,1,2021-05-27 18:00:00,Juniors,2,2,Free Exercises,Core,3,,Division 3,Division 3,,5,38,Seaford,1,,,,,#REF!,#REF!,#REF!,#REF!,#REF!,#REF!,#REF!,#REF!,#REF!,#REF!,#REF!,#REF!,,,,,,,,,,,
375,1,2021-05-27 18:00:00,Juniors,8,3,Dance Arrangement,Fancy,3,,Division 3,Division 3,,1,28,Golden Heights,1,Party In the USA,,,,#REF!,#REF!,#REF!,#REF!,#REF!,#REF!,#REF!,#REF!,#REF!,#REF!,#REF!,#REF!,,,,,,,,,,,
376,1,2021-05-27 18:00:00,Juniors,8,3,Dance Arrangement,Fancy,3,,Division 3,Division 3,,2,24,Whydale,1,We are made to Fly,,,,#REF!,#REF!,#REF!,#REF!,#REF!,#REF!,#REF!,#REF!,#REF!,#REF!,#REF!,#REF!,,,,,,,,,,,
377,1,2021-05-27 18:00:00,Juniors,8,3,Dance Arrangement,Fancy,3,,Division 3,Division 3,,3,38,Seaford,1,Who's Dorothy?,,,,#REF!,#REF!,#REF!,#REF!,#REF!,#REF!,#REF!,#REF!,#REF!,#REF!,#REF!,#REF!,,,,,,,,,,,
378,1,2021-05-27 18:00:00,Juniors,8,3,Dance Arrangement,Fancy,3,,Division 3,Division 3,,4,31,Para Vista,1,Be Amazed,,,,#REF!,#REF!,#REF!,#REF!,#REF!,#REF!,#REF!,#REF!,#REF!,#REF!,#REF!,#REF!,,,,,,,,,,,
379,1,2021-05-27 18:00:00,Juniors,8,3,Dance Arrangement,Fancy,3,,Division 3,Division 3,,5,34,Aurora,1,Let's Dance,,,,#REF!,#REF!,#REF!,#REF!,#REF!,#REF!,#REF!,#REF!,#REF!,#REF!,#REF!,#REF!,,,,,,,,,,,
380,1,2021-05-27 19:30:00,Juniors,4,1,Club Swinging,Core,1,,Division 1,Division 1,Team 1 & 2,1,13,Brighton,2,,,,,#REF!,#REF!,#REF!,#REF!,#REF!,#REF!,#REF!,#REF!,#REF!,#REF!,#REF!,#REF!,,,,,,,,,,,
381,1,2021-05-27 19:30:00,Juniors,4,1,Club Swinging,Core,1,,Division 1,Division 1,Team 1 & 2,2,40,Del Sante Gardens,2,,,,,#REF!,#REF!,#REF!,#REF!,#REF!,#REF!,#REF!,#REF!,#REF!,#REF!,#REF!,#REF!,,,,,,,,,,,
382,1,2021-05-27 19:30:00,Juniors,4,1,Club Swinging,Core,1,,Division 1,Division 1,Team 1 & 2,3,7,AVV Millennium,1,,,,,#REF!,#REF!,#REF!,#REF!,#REF!,#REF!,#REF!,#REF!,#REF!,#REF!,#REF!,#REF!,,,,,,,,,,,
383,1,2021-05-27 19:30:00,Juniors,4,1,Club Swinging,Core,1,,Division 1,Division 1,Team 1 & 2,4,40,Del Sante Gardens,1,,,,,#REF!,#REF!,#REF!,#REF!,#REF!,#REF!,#REF!,#REF!,#REF!,#REF!,#REF!,#REF!,,,,,,,,,,,
384,1,2021-05-27 19:30:00,Juniors,4,1,Club Swinging,Core,1,,Division 1,Division 1,Team 1 & 2,5,29,Jem,1,,,,,#REF!,#REF!,#REF!,#REF!,#REF!,#REF!,#REF!,#REF!,#REF!,#REF!,#REF!,#REF!,,,,,,,,,,,
385,1,2021-05-27 19:30:00,Juniors,4,1,Club Swinging,Core,1,,Division 1,Division 1,Team 1 & 2,6,35,Highbury,1,,,,,#REF!,#REF!,#REF!,#REF!,#REF!,#REF!,#REF!,#REF!,#REF!,#REF!,#REF!,#REF!,,,,,,,,,,,
386,1,2021-05-27 19:30:00,Juniors,4,1,Club Swinging,Core,1,,Division 1,Division 1,Team 1 & 2,7,13,Brighton,1,,,,,#REF!,#REF!,#REF!,#REF!,#REF!,#REF!,#REF!,#REF!,#REF!,#REF!,#REF!,#REF!,,,,,,,,,,,
387,1,2021-05-27 19:30:00,Juniors,4,1,Club Swinging,Core,1,,Division 1,Division 1,Team 1 & 2,8,6,Gawler,1,,,,,#REF!,#REF!,#REF!,#REF!,#REF!,#REF!,#REF!,#REF!,#REF!,#REF!,#REF!,#REF!,,,,,,,,,,,
388,1,2021-05-27 19:30:00,Juniors,2,2,Free Exercises,Core,1,,Division 1,Division 1,Team 1 & 2,1,40,Del Sante Gardens,2,,,,,#REF!,#REF!,#REF!,#REF!,#REF!,#REF!,#REF!,#REF!,#REF!,#REF!,#REF!,#REF!,,,,,,,,,,,
389,1,2021-05-27 19:30:00,Juniors,2,2,Free Exercises,Core,1,,Division 1,Division 1,Team 1 & 2,2,13,Brighton,2,,,,,#REF!,#REF!,#REF!,#REF!,#REF!,#REF!,#REF!,#REF!,#REF!,#REF!,#REF!,#REF!,,,,,,,,,,,
390,1,2021-05-27 19:30:00,Juniors,2,2,Free Exercises,Core,1,,Division 1,Division 1,Team 1 & 2,3,29,Jem,1,,,,,#REF!,#REF!,#REF!,#REF!,#REF!,#REF!,#REF!,#REF!,#REF!,#REF!,#REF!,#REF!,,,,,,,,,,,
391,1,2021-05-27 19:30:00,Juniors,2,2,Free Exercises,Core,1,,Division 1,Division 1,Team 1 & 2,4,6,Gawler,1,,,,,#REF!,#REF!,#REF!,#REF!,#REF!,#REF!,#REF!,#REF!,#REF!,#REF!,#REF!,#REF!,,,,,,,,,,,
392,1,2021-05-27 19:30:00,Juniors,2,2,Free Exercises,Core,1,,Division 1,Division 1,Team 1 & 2,5,35,Highbury,1,,,,,#REF!,#REF!,#REF!,#REF!,#REF!,#REF!,#REF!,#REF!,#REF!,#REF!,#REF!,#REF!,,,,,,,,,,,
393,1,2021-05-27 19:30:00,Juniors,2,2,Free Exercises,Core,1,,Division 1,Division 1,Team 1 & 2,6,13,Brighton,1,,,,,#REF!,#REF!,#REF!,#REF!,#REF!,#REF!,#REF!,#REF!,#REF!,#REF!,#REF!,#REF!,,,,,,,,,,,
394,1,2021-05-27 19:30:00,Juniors,2,2,Free Exercises,Core,1,,Division 1,Division 1,Team 1 & 2,7,7,AVV Millennium,1,,,,,#REF!,#REF!,#REF!,#REF!,#REF!,#REF!,#REF!,#REF!,#REF!,#REF!,#REF!,#REF!,,,,,,,,,,,
395,1,2021-05-27 19:30:00,Juniors,2,2,Free Exercises,Core,1,,Division 1,Division 1,Team 1 & 2,8,40,Del Sante Gardens,1,,,,,#REF!,#REF!,#REF!,#REF!,#REF!,#REF!,#REF!,#REF!,#REF!,#REF!,#REF!,#REF!,,,,,,,,,,,
396,1,2021-05-27 19:30:00,Juniors,8,3,Dance Arrangement,Fancy,1,,Division 1,Division 1,Team 1 & 2,1,13,Brighton,2,Let Me Take you to Rio,,,,#REF!,#REF!,#REF!,#REF!,#REF!,#REF!,#REF!,#REF!,#REF!,#REF!,#REF!,#REF!,,,,,,,,,,,
397,1,2021-05-27 19:30:00,Juniors,8,3,Dance Arrangement,Fancy,1,,Division 1,Division 1,Team 1 & 2,2,29,Jem,1,Prom,,,,#REF!,#REF!,#REF!,#REF!,#REF!,#REF!,#REF!,#REF!,#REF!,#REF!,#REF!,#REF!,,,,,,,,,,,
398,1,2021-05-27 19:30:00,Juniors,8,3,Dance Arrangement,Fancy,1,,Division 1,Division 1,Team 1 & 2,3,13,Brighton,1,,,,,#REF!,#REF!,#REF!,#REF!,#REF!,#REF!,#REF!,#REF!,#REF!,#REF!,#REF!,#REF!,,,,,,,,,,,
399,1,2021-05-27 19:30:00,Juniors,8,3,Dance Arrangement,Fancy,1,,Division 1,Division 1,Team 1 & 2,4,40,Del Sante Gardens,1,,,,,#REF!,#REF!,#REF!,#REF!,#REF!,#REF!,#REF!,#REF!,#REF!,#REF!,#REF!,#REF!,,,,,,,,,,,
400,1,2021-05-27 19:30:00,Juniors,8,3,Dance Arrangement,Fancy,1,,Division 1,Division 1,Team 1 & 2,5,7,AVV Millennium,1,The Race,,,,#REF!,#REF!,#REF!,#REF!,#REF!,#REF!,#REF!,#REF!,#REF!,#REF!,#REF!,#REF!,,,,,,,,,,,
401,1,2021-05-27 19:30:00,Juniors,8,3,Dance Arrangement,Fancy,1,,Division 1,Division 1,Team 1 & 2,6,35,Highbury,1,Adventures of the Big Bad Wolf,,,,#REF!,#REF!,#REF!,#REF!,#REF!,#REF!,#REF!,#REF!,#REF!,#REF!,#REF!,#REF!,,,,,,,,,,,
402,1,2021-05-27 19:30:00,Juniors,8,3,Dance Arrangement,Fancy,1,,Division 1,Division 1,Team 1 & 2,7,6,Gawler,1,Little Horrors,,,,#REF!,#REF!,#REF!,#REF!,#REF!,#REF!,#REF!,#REF!,#REF!,#REF!,#REF!,#REF!,,,,,,,,,,,
403,1,2021-05-28 18:00:00,Juniors,4,1,Club Swinging,Core,0,,Championship Division,Championship Division,Team 2,1,36,Ridgehaven,3,,,,,#REF!,#REF!,#REF!,#REF!,#REF!,#REF!,#REF!,#REF!,#REF!,#REF!,#REF!,#REF!,,,,,,,,,,,
404,1,2021-05-28 18:00:00,Juniors,4,1,Club Swinging,Core,0,,Championship Division,Championship Division,Team 2,2,3,Innovation,2,,,,,#REF!,#REF!,#REF!,#REF!,#REF!,#REF!,#REF!,#REF!,#REF!,#REF!,#REF!,#REF!,,,,,,,,,,,
405,1,2021-05-28 18:00:00,Juniors,4,1,Club Swinging,Core,0,,Championship Division,Championship Division,Team 2,3,36,Ridgehaven,2,,,,,#REF!,#REF!,#REF!,#REF!,#REF!,#REF!,#REF!,#REF!,#REF!,#REF!,#REF!,#REF!,,,,,,,,,,,
406,1,2021-05-28 18:00:00,Juniors,4,1,Club Swinging,Core,0,,Championship Division,Championship Division,Team 2,4,12,Reynella Braeview,2,,,,,#REF!,#REF!,#REF!,#REF!,#REF!,#REF!,#REF!,#REF!,#REF!,#REF!,#REF!,#REF!,,,,,,,,,,,
407,1,2021-05-28 18:00:00,Juniors,4,1,Club Swinging,Core,0,,Championship Division,Championship Division,Team 2,5,9,Marden,2,,,,,#REF!,#REF!,#REF!,#REF!,#REF!,#REF!,#REF!,#REF!,#REF!,#REF!,#REF!,#REF!,,,,,,,,,,,
408,1,2021-05-28 18:00:00,Juniors,4,1,Club Swinging,Core,0,,Championship Division,Championship Division,Team 2,6,14,Plympton Halifax,2,,,,,#REF!,#REF!,#REF!,#REF!,#REF!,#REF!,#REF!,#REF!,#REF!,#REF!,#REF!,#REF!,,,,,,,,,,,
409,1,2021-05-28 18:00:00,Juniors,2,2,Free Exercises,Core,0,,Championship Division,Championship Division,Team 2,1,3,Innovation,2,,,,,#REF!,#REF!,#REF!,#REF!,#REF!,#REF!,#REF!,#REF!,#REF!,#REF!,#REF!,#REF!,,,,,,,,,,,
410,1,2021-05-28 18:00:00,Juniors,2,2,Free Exercises,Core,0,,Championship Division,Championship Division,Team 2,2,36,Ridgehaven,2,,,,,#REF!,#REF!,#REF!,#REF!,#REF!,#REF!,#REF!,#REF!,#REF!,#REF!,#REF!,#REF!,,,,,,,,,,,
411,1,2021-05-28 18:00:00,Juniors,2,2,Free Exercises,Core,0,,Championship Division,Championship Division,Team 2,3,9,Marden,2,,,,,#REF!,#REF!,#REF!,#REF!,#REF!,#REF!,#REF!,#REF!,#REF!,#REF!,#REF!,#REF!,,,,,,,,,,,
412,1,2021-05-28 18:00:00,Juniors,2,2,Free Exercises,Core,0,,Championship Division,Championship Division,Team 2,4,14,Plympton Halifax,2,,,,,#REF!,#REF!,#REF!,#REF!,#REF!,#REF!,#REF!,#REF!,#REF!,#REF!,#REF!,#REF!,,,,,,,,,,,
413,1,2021-05-28 18:00:00,Juniors,2,2,Free Exercises,Core,0,,Championship Division,Championship Division,Team 2,5,12,Reynella Braeview,2,,,,,#REF!,#REF!,#REF!,#REF!,#REF!,#REF!,#REF!,#REF!,#REF!,#REF!,#REF!,#REF!,,,,,,,,,,,
414,1,2021-05-28 18:00:00,Juniors,8,3,Dance Arrangement,Fancy,0,,Championship Division,Championship Division,Team 2,1,3,Innovation,2,A Royal Affair,,,,#REF!,#REF!,#REF!,#REF!,#REF!,#REF!,#REF!,#REF!,#REF!,#REF!,#REF!,#REF!,,,,,,,,,,,
415,1,2021-05-28 18:00:00,Juniors,8,3,Dance Arrangement,Fancy,0,,Championship Division,Championship Division,Team 2,2,14,Plympton Halifax,2,Hairspray,,,,#REF!,#REF!,#REF!,#REF!,#REF!,#REF!,#REF!,#REF!,#REF!,#REF!,#REF!,#REF!,,,,,,,,,,,
416,1,2021-05-28 18:00:00,Juniors,8,3,Dance Arrangement,Fancy,0,,Championship Division,Championship Division,Team 2,3,12,Reynella Braeview,2,Matilda,,,,#REF!,#REF!,#REF!,#REF!,#REF!,#REF!,#REF!,#REF!,#REF!,#REF!,#REF!,#REF!,,,,,,,,,,,
417,1,2021-05-28 19:30:00,Juniors,4,1,Club Swinging,Core,0,,Championship Division,Championship Division,Team 1,1,8,Burnside,1,,,,,#REF!,#REF!,#REF!,#REF!,#REF!,#REF!,#REF!,#REF!,#REF!,#REF!,#REF!,#REF!,,,,,,,,,,,
418,1,2021-05-28 19:30:00,Juniors,4,1,Club Swinging,Core,0,,Championship Division,Championship Division,Team 1,2,9,Marden,1,,,,,#REF!,#REF!,#REF!,#REF!,#REF!,#REF!,#REF!,#REF!,#REF!,#REF!,#REF!,#REF!,,,,,,,,,,,
419,1,2021-05-28 19:30:00,Juniors,4,1,Club Swinging,Core,0,,Championship Division,Championship Division,Team 1,3,36,Ridgehaven,1,,,,,#REF!,#REF!,#REF!,#REF!,#REF!,#REF!,#REF!,#REF!,#REF!,#REF!,#REF!,#REF!,,,,,,,,,,,
420,1,2021-05-28 19:30:00,Juniors,4,1,Club Swinging,Core,0,,Championship Division,Championship Division,Team 1,4,12,Reynella Braeview,1,,,,,#REF!,#REF!,#REF!,#REF!,#REF!,#REF!,#REF!,#REF!,#REF!,#REF!,#REF!,#REF!,,,,,,,,,,,
421,1,2021-05-28 19:30:00,Juniors,4,1,Club Swinging,Core,0,,Championship Division,Championship Division,Team 1,5,14,Plympton Halifax,1,,,,,#REF!,#REF!,#REF!,#REF!,#REF!,#REF!,#REF!,#REF!,#REF!,#REF!,#REF!,#REF!,,,,,,,,,,,
422,1,2021-05-28 19:30:00,Juniors,4,1,Club Swinging,Core,0,,Championship Division,Championship Division,Team 1,6,3,Innovation,1,,,,,#REF!,#REF!,#REF!,#REF!,#REF!,#REF!,#REF!,#REF!,#REF!,#REF!,#REF!,#REF!,,,,,,,,,,,
423,1,2021-05-28 19:30:00,Juniors,2,2,Free Exercises,Core,0,,Championship Division,Championship Division,Team 1,1,9,Marden,1,,,,,#REF!,#REF!,#REF!,#REF!,#REF!,#REF!,#REF!,#REF!,#REF!,#REF!,#REF!,#REF!,,,,,,,,,,,
424,1,2021-05-28 19:30:00,Juniors,2,2,Free Exercises,Core,0,,Championship Division,Championship Division,Team 1,2,12,Reynella Braeview,1,,,,,#REF!,#REF!,#REF!,#REF!,#REF!,#REF!,#REF!,#REF!,#REF!,#REF!,#REF!,#REF!,,,,,,,,,,,
425,1,2021-05-28 19:30:00,Juniors,2,2,Free Exercises,Core,0,,Championship Division,Championship Division,Team 1,3,8,Burnside,1,,,,,#REF!,#REF!,#REF!,#REF!,#REF!,#REF!,#REF!,#REF!,#REF!,#REF!,#REF!,#REF!,,,,,,,,,,,
426,1,2021-05-28 19:30:00,Juniors,2,2,Free Exercises,Core,0,,Championship Division,Championship Division,Team 1,4,36,Ridgehaven,1,,,,,#REF!,#REF!,#REF!,#REF!,#REF!,#REF!,#REF!,#REF!,#REF!,#REF!,#REF!,#REF!,,,,,,,,,,,
427,1,2021-05-28 19:30:00,Juniors,2,2,Free Exercises,Core,0,,Championship Division,Championship Division,Team 1,5,14,Plympton Halifax,1,,,,,#REF!,#REF!,#REF!,#REF!,#REF!,#REF!,#REF!,#REF!,#REF!,#REF!,#REF!,#REF!,,,,,,,,,,,
428,1,2021-05-28 19:30:00,Juniors,2,2,Free Exercises,Core,0,,Championship Division,Championship Division,Team 1,6,3,Innovation,1,,,,,#REF!,#REF!,#REF!,#REF!,#REF!,#REF!,#REF!,#REF!,#REF!,#REF!,#REF!,#REF!,,,,,,,,,,,
429,1,2021-05-28 19:30:00,Juniors,8,3,Dance Arrangement,Fancy,0,,Championship Division,Championship Division,Team 1,1,12,Reynella Braeview,1,Rio,,,,#REF!,#REF!,#REF!,#REF!,#REF!,#REF!,#REF!,#REF!,#REF!,#REF!,#REF!,#REF!,,,,,,,,,,,
430,1,2021-05-28 19:30:00,Juniors,8,3,Dance Arrangement,Fancy,0,,Championship Division,Championship Division,Team 1,2,9,Marden,1,The Big Doll House,,,,#REF!,#REF!,#REF!,#REF!,#REF!,#REF!,#REF!,#REF!,#REF!,#REF!,#REF!,#REF!,,,,,,,,,,,
431,1,2021-05-28 19:30:00,Juniors,8,3,Dance Arrangement,Fancy,0,,Championship Division,Championship Division,Team 1,3,36,Ridgehaven,1,Checkmate,,,,#REF!,#REF!,#REF!,#REF!,#REF!,#REF!,#REF!,#REF!,#REF!,#REF!,#REF!,#REF!,,,,,,,,,,,
432,1,2021-05-28 19:30:00,Juniors,8,3,Dance Arrangement,Fancy,0,,Championship Division,Championship Division,Team 1,4,8,Burnside,1,Ladies of the 80's,,,,#REF!,#REF!,#REF!,#REF!,#REF!,#REF!,#REF!,#REF!,#REF!,#REF!,#REF!,#REF!,,,,,,,,,,,
433,1,2021-05-28 19:30:00,Juniors,8,3,Dance Arrangement,Fancy,0,,Championship Division,Championship Division,Team 1,5,14,Plympton Halifax,1,I love a piano,,,,#REF!,#REF!,#REF!,#REF!,#REF!,#REF!,#REF!,#REF!,#REF!,#REF!,#REF!,#REF!,,,,,,,,,,,
434,1,2021-05-28 19:30:00,Juniors,8,3,Dance Arrangement,Fancy,0,,Championship Division,Championship Division,Team 1,6,3,Innovation,1,Get served,,,,#REF!,#REF!,#REF!,#REF!,#REF!,#REF!,#REF!,#REF!,#REF!,#REF!,#REF!,#REF!,,,,,,,,,,,